state,district_raw,district,market_raw,market_canonical,rule,needs_review,review_reason,suggested_canonical,suggested_district,n_rows,first_date,last_date,review_decision
Gujarat,Ahmedabad,Ahmedabad,Ahmedabad,Ahmedabad,identity,False,,,,1856,2018-01-01,2025-11-03,
Gujarat,Ahmedabad,Ahmedabad,Ahmedabad APMC,Ahmedabad,apmc_suffix,False,,,,29,2025-12-05,2026-04-10,
Gujarat,Ahmedabad,Ahmedabad,Ahmedabad (Chimanbhai Patal Market Vasana),Ahmedabad (Chimanbhai Patal Market Vasana),identity,False,,,,7410,2018-01-01,2025-11-04,
Gujarat,Ahmedabad,Ahmedabad,Ahmedabad (Chimanbhai Patal Market Vasana) APMC,Ahmedabad (Chimanbhai Patal Market Vasana),apmc_suffix,False,,,,161,2025-12-01,2026-04-20,
Gujarat,Ahmedabad,Ahmedabad,Dholka (Koth),Dholka (Koth),identity,False,,,,667,2018-05-26,2019-06-25,
Gujarat,Amreli,Amreli,Babra,Babra,identity,False,,,,11,2018-08-10,2018-08-24,
Gujarat,Amreli,Amreli,Damnagar,Damnagar,identity,False,,,,1414,2018-09-18,2025-11-02,
Gujarat,Amreli,Amreli,Damnagar APMC,Damnagar,apmc_suffix,False,,,,44,2025-12-05,2026-04-20,
Gujarat,Amreli,Amreli,Dhari,Dhari,identity,False,,,,1169,2018-07-14,2023-10-23,
Gujarat,Amreli,Amreli,Dhari (Chalala),Dhari (Chalala),identity,False,,,,169,2018-07-14,2021-10-30,
Gujarat,Anand,Anand,"Anand (Veg,Yard,Anand)","Anand (Veg,Yard,Anand)",identity,False,,,,6325,2018-01-01,2025-11-05,
Gujarat,Anand,Anand,"Anand (Veg,Yard,Anand) APMC","Anand (Veg,Yard,Anand)",apmc_suffix,False,,,,85,2025-12-03,2026-04-14,
Gujarat,Anand,Anand,Borsad (Veg Yard Barsad),Borsad (Veg Yard Barsad),identity,False,,,,123,2020-12-22,2021-02-19,
Gujarat,Anand,Anand,Khambhat (Veg Yard Khambhat),Khambhat (Veg Yard Khambhat),identity,False,,,,3560,2018-01-01,2025-11-04,
Gujarat,Anand,Anand,Khambhat (Veg Yard Khambhat) APMC,Khambhat (Veg Yard Khambhat),apmc_suffix,False,,,,83,2025-12-05,2026-04-20,
Gujarat,Anand,Anand,"Petlad (Veg Yard, Petlad)","Petlad (Veg Yard, Petlad)",identity,False,,,,1091,2018-05-21,2021-06-19,
Gujarat,Banaskanth,Banaskanth,Deesa (Deesa Veg Yard),Deesa (Deesa Veg Yard),identity,False,,,,4567,2018-01-01,2025-10-30,
Gujarat,Banaskanth,Banaskanth,Deesa (Deesa Veg Yard) APMC,Deesa (Deesa Veg Yard),apmc_suffix,False,,,,65,2025-12-03,2026-04-18,
Gujarat,Bharuch,Bharuch,Ankleshwar,Ankleshwar,identity,False,,,,3047,2018-01-01,2025-11-03,
Gujarat,Bharuch,Bharuch,Ankleshwar APMC,Ankleshwar,apmc_suffix,False,,,,103,2025-11-29,2026-04-20,
Gujarat,Bharuch,Bharuch,Bharuch,Bharuch,identity,False,,,,4281,2018-01-01,2025-11-06,
Gujarat,Bharuch,Bharuch,Bharuch APMC,Bharuch,apmc_suffix,False,,,,72,2025-12-03,2026-04-20,
Gujarat,Bhavnagar,Bhavnagar,Bhavnagar,Bhavnagar,identity,False,,,,2438,2018-01-01,2025-05-28,
Gujarat,Bhavnagar,Bhavnagar,Bhavnagar APMC,Bhavnagar,apmc_suffix,False,,,,28,2025-12-18,2026-04-18,
Gujarat,Bhavnagar,Bhavnagar,Mahuva (Station Road),Mahuva (Station Road),identity,False,,,,3116,2018-01-01,2025-11-05,
Gujarat,Bhavnagar,Bhavnagar,Mahuva (Station Road) APMC,Mahuva (Station Road),apmc_suffix,False,,,,69,2025-12-03,2026-04-17,
Gujarat,Bhavnagar,Bhavnagar,Palitana,Palitana,identity,False,,,,1275,2020-12-15,2025-10-18,
Gujarat,Bhavnagar,Bhavnagar,Palitana APMC,Palitana,apmc_suffix,False,,,,32,2025-12-04,2026-04-18,
Gujarat,Bhavnagar,Bhavnagar,Taleja,Taleja,identity,False,,,,210,2022-04-22,2025-03-21,
Gujarat,Bhavnagar,Bhavnagar,Taleja APMC,Taleja,apmc_suffix,False,,,,29,2026-01-02,2026-03-24,
Gujarat,Dahod,Dahod,Dahod (Veg. Market),Dahod (Veg. Market),identity,False,,,,7731,2018-01-01,2025-11-04,
Gujarat,Dahod,Dahod,Dahod (Veg. Market) APMC,Dahod (Veg. Market),apmc_suffix,False,,,,109,2025-12-03,2026-04-19,
Gujarat,Dahod,Dahod,Jhalod,Jhalod,identity,False,,,,137,2021-01-15,2021-10-11,
Gujarat,Devbhumi Dwarka,Devbhumi Dwarka,Bhanvad,Bhanvad,identity,False,,,,12,2019-11-13,2019-11-25,
Gujarat,Gandhinagar,Gandhinagar,"Kalol (Veg,Market,Kalol)","Kalol (Veg,Market,Kalol)",identity,False,,,,882,2020-08-12,2025-07-10,
Gujarat,Gandhinagar,Gandhinagar,"Kalol (Veg,Market,Kalol) APMC","Kalol (Veg,Market,Kalol)",apmc_suffix,False,,,,22,2025-12-11,2026-04-06,
Gujarat,Gandhinagar,Gandhinagar,Mansa (Manas Veg Yard),Mansa (Manas Veg Yard),identity,False,,,,2052,2018-01-01,2025-11-03,
Gujarat,Gandhinagar,Gandhinagar,Mansa (Manas Veg Yard) APMC,Mansa (Manas Veg Yard),apmc_suffix,False,,,,40,2025-12-10,2026-04-16,
Gujarat,Gir Somnath,Gir Somnath,Talalagir,Talalagir,identity,False,,,,1150,2018-01-01,2025-11-05,
Gujarat,Gir Somnath,Gir Somnath,Talalagir APMC,Talalagir,apmc_suffix,False,,,,32,2025-12-09,2026-04-20,
Gujarat,Gir Somnath,Gir Somnath,Una,Una,identity,False,,,,10,2024-02-02,2025-04-28,
Gujarat,Jamnagar,Jamnagar,Jamnagar,Jamnagar,identity,False,,,,796,2018-01-01,2025-11-05,
Gujarat,Jamnagar,Jamnagar,Jamnagar APMC,Jamnagar,apmc_suffix,False,,,,26,2025-12-06,2026-04-18,
Gujarat,Junagarh,Junagarh,Visavadar,Visavadar,identity,False,,,,1159,2018-01-01,2025-11-05,
Gujarat,Junagarh,Junagarh,Visavadar APMC,Visavadar,apmc_suffix,False,,,,14,2025-12-04,2026-02-14,
Gujarat,Kachchh,Kachchh,Bhuj,Bhuj,identity,False,,,,1415,2023-02-13,2025-11-03,
Gujarat,Kachchh,Kachchh,Bhuj APMC,Bhuj,apmc_suffix,False,,,,36,2025-12-04,2026-04-17,
Gujarat,Kachchh,Kachchh,K.Mandvi,K.Mandvi,identity,False,,,,37,2025-09-19,2025-11-05,
Gujarat,Kachchh,Kachchh,Mundra,Mundra,identity,False,,,,37,2024-07-16,2024-08-08,
Gujarat,Kheda,Kheda,Kapadvanj,Kapadvanj,identity,False,,,,4940,2018-01-01,2025-11-04,
Gujarat,Kheda,Kheda,Kapadvanj APMC,Kapadvanj,apmc_suffix,False,,,,90,2025-12-03,2026-04-19,
Gujarat,Kheda,Kheda,Nadiad,Nadiad,identity,False,,,,1650,2023-09-16,2025-11-05,
Gujarat,Kheda,Kheda,Nadiad APMC,Nadiad,apmc_suffix,False,,,,86,2025-12-04,2026-04-20,
Gujarat,Kheda,Kheda,Nadiyad (Chaklasi),Nadiyad (Chaklasi),identity,False,,,,1631,2018-03-06,2025-11-05,
Gujarat,Kheda,Kheda,Nadiyad (Chaklasi) APMC,Nadiyad (Chaklasi),apmc_suffix,False,,,,80,2025-12-04,2026-04-15,
Gujarat,Kheda,Kheda,Nadiyad (Piplag),Nadiyad (Piplag),identity,False,,,,3281,2018-01-01,2025-11-05,
Gujarat,Kheda,Kheda,Nadiyad (Piplag) APMC,Nadiyad (Piplag),apmc_suffix,False,,,,108,2025-12-04,2026-04-12,
Gujarat,Mehsana,Mehsana,Mehsana (Mehsana Veg),Mehsana (Mehsana Veg),identity,False,,,,5364,2018-01-01,2025-11-04,
Gujarat,Mehsana,Mehsana,Mehsana (Mehsana Veg) APMC,Mehsana (Mehsana Veg),apmc_suffix,False,,,,102,2025-12-03,2026-04-20,
Gujarat,Mehsana,Mehsana,Vijapur (veg),Vijapur (veg),identity,False,,,,455,2018-02-12,2025-10-09,
Gujarat,Mehsana,Mehsana,Vijapur (veg) APMC,Vijapur (veg),apmc_suffix,False,,,,6,2026-02-06,2026-04-08,
Gujarat,Mehsana,Mehsana,Visnagar,Visnagar,identity,False,,,,73,2020-08-08,2024-02-20,
Gujarat,Morbi,Morbi,Morbi,Morbi,identity,False,,,,3686,2018-01-01,2025-11-05,
Gujarat,Morbi,Morbi,Morbi APMC,Morbi,apmc_suffix,False,,,,63,2025-12-05,2026-04-18,
Gujarat,Morbi,Morbi,Vankaner (Sub yard),Vankaner (Sub yard),identity,False,,,,1990,2018-07-13,2024-08-25,
Gujarat,Morbi,Morbi,Vankaner APMC,Vankaner (Sub yard),reviewed_merge,False,similar_name_no_overlap,Vankaner (Sub yard),Morbi,9,2026-03-12,2026-04-17,merge
Gujarat,Navsari,Navsari,Bilimora,Bilimora,identity,False,,,,4110,2018-05-22,2025-11-05,
Gujarat,Navsari,Navsari,Bilimora APMC,Bilimora,apmc_suffix,False,,,,93,2025-12-01,2026-04-18,
Gujarat,Navsari,Navsari,Navsari,Navsari,identity,False,,,,1342,2023-07-13,2025-11-05,
Gujarat,Navsari,Navsari,Navsari APMC,Navsari,apmc_suffix,False,,,,107,2025-12-04,2026-04-20,
Gujarat,Panchmahals,Panchmahals,Godhra,Godhra,identity,False,,,,15,2020-06-03,2021-01-09,
Gujarat,Patan,Patan,"Patan (Veg,Yard Patan)","Patan (Veg,Yard Patan)",identity,False,,,,7,2019-05-17,2024-12-27,
Gujarat,Patan,Patan,"Patan (Veg,Yard Patan) APMC","Patan (Veg,Yard Patan)",apmc_suffix,False,,,,1,2025-12-07,2025-12-07,
Gujarat,Patan,Patan,Siddhpur,Siddhpur,identity,False,,,,29,2019-10-05,2020-06-09,
Gujarat,Porbandar,Porbandar,Porbandar,Porbandar,identity,False,,,,3366,2020-01-02,2025-11-05,
Gujarat,Porbandar,Porbandar,Porbandar APMC,Porbandar,apmc_suffix,False,,,,115,2025-12-04,2026-04-18,
Gujarat,Rajkot,Rajkot,Dhoraji,Dhoraji,identity,False,,,,1061,2018-08-07,2025-03-12,
Gujarat,Rajkot,Rajkot,Dhoraji APMC,Dhoraji,apmc_suffix,False,,,,24,2025-12-05,2026-02-13,
Gujarat,Rajkot,Rajkot,Gondal,Gondal,identity,False,,,,2159,2018-01-01,2025-10-28,
Gujarat,Rajkot,Rajkot,Gondal APMC,Gondal,apmc_suffix,False,,,,21,2025-12-04,2026-04-17,
Gujarat,Rajkot,Rajkot,Gondal (Veg.market Gondal),Gondal (Veg.market Gondal),identity,False,,,,1282,2018-01-01,2025-11-05,
Gujarat,Rajkot,Rajkot,Gondal (Veg.market Gondal) APMC,Gondal (Veg.market Gondal),apmc_suffix,False,,,,89,2025-12-03,2026-04-18,
Gujarat,Rajkot,Rajkot,Jetpur (Dist.Rajkot),Jetpur (Dist.Rajkot),identity,False,,,,839,2018-05-07,2025-11-05,
Gujarat,Rajkot,Rajkot,Jetpur (Dist.Rajkot) APMC,Jetpur (Dist.Rajkot),apmc_suffix,False,,,,28,2025-12-06,2026-04-18,
Gujarat,Rajkot,Rajkot,Rajkot (Veg.Sub Yard),Rajkot (Veg.Sub Yard),identity,False,,,,6307,2018-01-01,2025-11-05,
Gujarat,Rajkot,Rajkot,Rajkot (Veg.Sub Yard) APMC,Rajkot (Veg.Sub Yard),apmc_suffix,False,,,,108,2025-12-03,2026-04-20,
Gujarat,Surat,Surat,Bardoli,Bardoli (Katod),reviewed_merge,False,similar_name_no_overlap,Bardoli (Katod),Surat,1,2019-03-15,2019-03-15,merge
Gujarat,Surat,Surat,Bardoli (Katod),Bardoli (Katod),identity,False,,,,328,2018-08-22,2020-04-16,
Gujarat,Surat,Surat,Mandvi,Mandvi,identity,False,,,,477,2018-01-02,2022-03-06,
Gujarat,Surat,Surat,S.Mandvi,S.Mandvi,identity,False,,,,375,2018-01-02,2021-04-29,
Gujarat,Surat,Surat,Songadh,Songadh,identity,False,,,,33,2019-01-28,2020-04-21,
Gujarat,Surat,Surat,Surat,Surat,identity,False,,,,6608,2018-01-01,2025-11-05,
Gujarat,Surat,Surat,Surat APMC,Surat,apmc_suffix,False,,,,111,2025-12-05,2026-04-20,
Gujarat,Surat,Surat,Vyra,Vyra,identity,False,,,,673,2018-01-08,2021-09-08,
Gujarat,Surendranagar,Surendranagar,Vadhvan,Vadhvan,identity,False,,,,5030,2018-01-01,2025-11-01,
Gujarat,Surendranagar,Surendranagar,Vadhvan APMC,Vadhvan,apmc_suffix,False,,,,49,2025-12-05,2026-04-15,
Gujarat,Vadodara (Baroda),Vadodara (Baroda),Padra,Padra,identity,False,,,,6011,2018-01-01,2025-11-04,
Gujarat,Vadodara (Baroda),Vadodara (Baroda),Padra APMC,Padra,apmc_suffix,False,,,,107,2025-12-03,2026-04-13,
Gujarat,Vadodara (Baroda),Vadodara (Baroda),Vadodara (Sayajipura),Vadodara (Sayajipura),identity,False,,,,5438,2018-01-01,2025-11-04,
Gujarat,Vadodara (Baroda),Vadodara (Baroda),Vadodara (Sayajipura) APMC,Vadodara (Sayajipura),apmc_suffix,False,,,,39,2025-12-03,2026-04-14,
Madhya Pradesh,Agar Malwa,Agar Malwa,Agar (F&V),Agar (F&V),identity,False,,,,11,2024-11-18,2025-08-02,
Madhya Pradesh,Agar Malwa,Agar Malwa,Soyatkalan (F&V),Soyatkalan (F&V),identity,False,,,,5,2024-09-26,2024-10-03,
Madhya Pradesh,Alirajpur,Alirajpur,Alirajpur (F&V),Alirajpur (F&V),identity,False,,,,2111,2018-11-04,2023-12-18,
Madhya Pradesh,Anupur,Anupur,Anuppur,Anuppur,identity,False,,,,855,2019-02-21,2023-12-17,
Madhya Pradesh,Anupur,Anupur,Anuppur (F&V) APMC,Anuppur,reviewed_merge,False,similar_name_no_overlap,Anuppur,Anupur,3,2026-02-23,2026-03-29,merge
Madhya Pradesh,Ashoknagar,Ashoknagar,Ashoknagar (F&V),Ashoknagar (F&V),identity,False,,,,1,2021-08-24,2021-08-24,
Madhya Pradesh,Badwani,Badwani,Anjad,Anjad,identity,False,,,,40,2018-05-28,2019-06-29,
Madhya Pradesh,Badwani,Badwani,Badwani,Badwani,identity,False,,,,629,2021-11-17,2023-12-20,
Madhya Pradesh,Badwani,Badwani,Badwani (F&V),Badwani,reviewed_merge,False,similar_name_no_overlap,Badwani,Badwani,642,2024-09-26,2025-11-05,merge
Madhya Pradesh,Badwani,Badwani,Badwani (F&V) APMC,Badwani,reviewed_merge,False,similar_name_no_overlap,Badwani,Badwani,23,2026-02-03,2026-04-19,merge
Madhya Pradesh,Badwani,Badwani,Sendhwa,Sendhwa,identity,False,,,,1620,2018-05-17,2023-12-20,
Madhya Pradesh,Badwani,Badwani,Sendhwa (F&V),Sendhwa,reviewed_merge,False,similar_name_no_overlap,Sendhwa,Badwani,420,2024-09-23,2025-11-02,merge
Madhya Pradesh,Badwani,Badwani,Sendhwa (F&V) APMC,Sendhwa,reviewed_merge,False,similar_name_no_overlap,Sendhwa,Badwani,31,2026-02-13,2026-04-19,merge
Madhya Pradesh,Badwani,Badwani,Sendhwa (F&amp;V) APMC,Sendhwa,reviewed_merge,False,similar_name_no_overlap,Sendhwa,Badwani,9,2026-01-28,2026-02-08,merge
Madhya Pradesh,Betul,Betul,Betul,Betul,identity,False,,,,585,2018-01-02,2025-07-10,
Madhya Pradesh,Betul,Betul,Betul (F&V),Betul,reviewed_merge,False,similar_name_no_overlap,Betul,Betul,90,2025-09-02,2025-11-04,merge
Madhya Pradesh,Betul,Betul,Multai,Multai,identity,False,,,,944,2019-03-14,2023-12-17,
Madhya Pradesh,Betul,Betul,Multai (F&V),Multai,reviewed_merge,False,similar_name_no_overlap,Multai,Betul,90,2025-08-28,2025-11-02,merge
Madhya Pradesh,Bhind,Bhind,Bhind,Bhind,identity,False,,,,43,2024-04-13,2025-10-30,
Madhya Pradesh,Bhopal,Bhopal,Bhopal,Bhopal,identity,False,,,,487,2023-12-26,2025-11-03,
Madhya Pradesh,Bhopal,Bhopal,Bhopal APMC,Bhopal,apmc_suffix,False,,,,16,2025-12-03,2026-01-09,
Madhya Pradesh,Bhopal,Bhopal,Bhopal (F&V),Bhopal (F&V),identity,False,,,,5563,2018-01-01,2025-11-04,
Madhya Pradesh,Burhanpur,Burhanpur,Burhanpur (F&V),Burhanpur (F&V),identity,False,,,,2255,2018-01-01,2025-11-04,
Madhya Pradesh,Burhanpur,Burhanpur,Burhanpur (F&V) APMC,Burhanpur (F&V),apmc_suffix,False,,,,32,2026-02-09,2026-04-16,
Madhya Pradesh,Chhatarpur,Chhatarpur,Chattarpur (F&V),Chhatarpur,reviewed_merge,False,similar_name_no_overlap,Chhatarpur,Chhatarpur,107,2024-10-03,2025-11-04,merge
Madhya Pradesh,Chhatarpur,Chhatarpur,Chattarpur (F&V) APMC,Chhatarpur,reviewed_merge,False,similar_name_no_overlap,Chhatarpur,Chhatarpur,19,2026-02-19,2026-04-14,merge
Madhya Pradesh,Chhatarpur,Chhatarpur,Chhatarpur,Chhatarpur,identity,False,,,,247,2020-08-19,2021-04-12,
Madhya Pradesh,Chhindwara,Chhindwara,Chhindwara,Chhindwara,identity,False,similar_name_no_overlap,Chhindwara (F&V),Chhindwara,7,2024-12-17,2025-01-09,keep_separate
Madhya Pradesh,Chhindwara,Chhindwara,Chhindwara (F&V),Chhindwara (F&V),identity,False,,,,4641,2018-01-01,2023-12-20,
Madhya Pradesh,Chhindwara,Chhindwara,Chindwara (F&V),Chhindwara (F&V),reviewed_merge,False,similar_name_no_overlap,Chhindwara (F&V),Chhindwara,392,2024-10-11,2025-11-02,merge
Madhya Pradesh,Chhindwara,Chhindwara,Chindwara (F&V) APMC,Chhindwara (F&V),reviewed_merge,False,similar_name_no_overlap,Chhindwara (F&V),Chhindwara,30,2026-02-01,2026-04-16,merge
Madhya Pradesh,Damoh,Damoh,Damoh (F&V),Damoh (F&V),identity,False,,,,2749,2018-01-01,2023-12-19,
Madhya Pradesh,Damoh,Damoh,Damoh (F&V) APMC,Damoh (F&V),apmc_suffix,False,,,,2,2026-02-07,2026-02-07,
Madhya Pradesh,Damoh,Damoh,Damoh APMC,Damoh (F&V),reviewed_merge,False,similar_name_no_overlap,Damoh (F&V),Damoh,1,2026-03-17,2026-03-17,merge
Madhya Pradesh,Dewas,Dewas,Dewas,Dewas,identity,False,,,,22,2024-02-20,2025-08-04,
Madhya Pradesh,Dewas,Dewas,Dewas (F&V),Dewas (F&V),identity,False,,,,5796,2018-01-01,2025-11-03,
Madhya Pradesh,Dewas,Dewas,Dewas (F&V) APMC,Dewas (F&V),apmc_suffix,False,,,,42,2026-01-28,2026-04-17,
Madhya Pradesh,Dewas,Dewas,Haatpipliya,Haatpipliya,identity,False,,,,4749,2018-01-01,2023-12-19,
Madhya Pradesh,Dewas,Dewas,Hatpiplya (F&V) APMC,Haatpipliya,reviewed_merge,False,similar_name_no_overlap,Haatpipliya,Dewas,20,2026-02-05,2026-04-17,merge
Madhya Pradesh,Dewas,Dewas,Sonkachh (F&V),Sonkachh (F&V),identity,False,,,,51,2024-09-24,2025-09-26,
Madhya Pradesh,Dewas,Dewas,Sonkatch,Sonkatch,identity,False,,,,179,2022-06-04,2025-10-31,
Madhya Pradesh,Dewas,Dewas,Sonkatch APMC,Sonkatch,apmc_suffix,False,,,,2,2025-12-15,2025-12-31,
Madhya Pradesh,Dhar,Dhar,Badnawar,Badnawar,identity,False,similar_name_no_overlap,Manawar,Dhar,932,2023-12-27,2025-11-03,keep_separate
Madhya Pradesh,Dhar,Dhar,Badnawar APMC,Badnawar,apmc_suffix,False,similar_name_no_overlap,Manawar,Dhar,41,2025-12-05,2026-04-13,keep_separate
Madhya Pradesh,Dhar,Dhar,Badnawar (F&V),Badnawar (F&V),identity,False,,,,1561,2018-01-01,2025-11-03,
Madhya Pradesh,Dhar,Dhar,Badnawar (F&V) APMC,Badnawar (F&V),apmc_suffix,False,,,,16,2026-01-24,2026-04-13,
Madhya Pradesh,Dhar,Dhar,Dhamnod,Dhamnod,identity,False,,,,4765,2018-01-02,2023-12-20,
Madhya Pradesh,Dhar,Dhar,Dhamnod (F&V),Dhamnod,reviewed_merge,False,similar_name_no_overlap,Dhamnod,Dhar,652,2024-10-02,2025-10-29,merge
Madhya Pradesh,Dhar,Dhar,Dhamnod (F&V) APMC,Dhamnod,reviewed_merge,False,similar_name_no_overlap,Dhamnod,Dhar,26,2026-01-26,2026-03-29,merge
Madhya Pradesh,Dhar,Dhar,Dhar,Dhar,identity,False,,,,3,2019-02-03,2019-04-27,
Madhya Pradesh,Dhar,Dhar,Dhar (F&V),Dhar (F&V),identity,False,,,,1834,2018-10-26,2023-11-30,
Madhya Pradesh,Dhar,Dhar,Kukshi,Kukshi,identity,False,,,,3909,2018-06-05,2023-12-19,
Madhya Pradesh,Dhar,Dhar,Kukshi (F&V),Kukshi,reviewed_merge,False,similar_name_no_overlap,Kukshi,Dhar,114,2025-09-01,2025-11-04,merge
Madhya Pradesh,Dhar,Dhar,Kukshi (F&V) APMC,Kukshi,reviewed_merge,False,similar_name_no_overlap,Kukshi,Dhar,36,2026-02-05,2026-04-17,merge
Madhya Pradesh,Dhar,Dhar,Manawar,Manawar,identity,False,,,,2546,2018-06-02,2023-12-20,
Madhya Pradesh,Dhar,Dhar,Manawar (F&V),Manawar,reviewed_merge,False,similar_name_no_overlap,Manawar,Dhar,975,2024-09-26,2025-11-03,merge
Madhya Pradesh,Dhar,Dhar,Rajgarh,Rajgarh,identity,False,,,,3278,2018-01-01,2025-11-03,
Madhya Pradesh,Dhar,Dhar,Rajgarh APMC,Rajgarh,apmc_suffix,False,,,,21,2025-12-05,2026-04-12,
Madhya Pradesh,Dhar,Dhar,Rajgarh (F&V),Rajgarh (F&V),identity,False,,,,78,2024-09-30,2025-11-03,
Madhya Pradesh,Dhar,Dhar,Rajgarh (F&V) APMC,Rajgarh (F&V),apmc_suffix,False,,,,11,2026-02-15,2026-04-16,
Madhya Pradesh,Guna,Guna,Guna,Guna (F&V),reviewed_merge,False,similar_name_no_overlap,Guna (F&V),Guna,19,2025-05-31,2025-07-25,merge
Madhya Pradesh,Guna,Guna,Guna (F&V),Guna (F&V),identity,False,,,,2511,2018-01-01,2023-12-20,
Madhya Pradesh,Gwalior,Gwalior,Lashkar,Lashkar,identity,False,,,,111,2024-02-19,2025-03-03,
Madhya Pradesh,Gwalior,Gwalior,Lashkar APMC,Lashkar,apmc_suffix,False,,,,7,2025-12-10,2026-01-16,
Madhya Pradesh,Gwalior,Gwalior,Lashkar (F&V),Lashkar (F&V),identity,False,,,,5908,2018-01-01,2025-11-03,
Madhya Pradesh,Gwalior,Gwalior,Lashkar (F&V) APMC,Lashkar (F&V),apmc_suffix,False,,,,22,2026-02-03,2026-04-13,
Madhya Pradesh,Harda,Harda,Harda (F&V),Harda (F&V),identity,False,,,,5442,2018-01-02,2025-11-03,
Madhya Pradesh,Harda,Harda,Harda (F&V) APMC,Harda (F&V),apmc_suffix,False,,,,16,2026-02-22,2026-04-18,
Madhya Pradesh,Harda,Harda,Sirali,Sirali,identity,False,,,,374,2021-03-15,2023-12-20,
Madhya Pradesh,Harda,Harda,Sirali (F&V),Sirali,reviewed_merge,False,similar_name_no_overlap,Sirali,Harda,121,2024-10-20,2025-09-09,merge
Madhya Pradesh,Harda,Harda,Sirali (F&V) APMC,Sirali,reviewed_merge,False,similar_name_no_overlap,Sirali,Harda,12,2026-02-13,2026-04-10,merge
Madhya Pradesh,Harda,Harda,Timarni,Timarni,identity,False,,,,3368,2018-03-01,2023-12-20,
Madhya Pradesh,Harda,Harda,Timarni (F&V),Timarni,reviewed_merge,False,similar_name_no_overlap,Timarni,Harda,550,2024-09-23,2025-11-03,merge
Madhya Pradesh,Harda,Harda,Timarni (F&V) APMC,Timarni,reviewed_merge,False,similar_name_no_overlap,Timarni,Harda,11,2026-02-07,2026-04-16,merge
Madhya Pradesh,Hoshangabad,Hoshangabad,Hoshangabad,Hoshangabad,identity,False,,,,2514,2020-09-10,2023-12-20,
Madhya Pradesh,Hoshangabad,Hoshangabad,Hoshangabad (F&V),Hoshangabad,reviewed_merge,False,similar_name_no_overlap,Hoshangabad,Hoshangabad,708,2024-10-03,2025-10-28,merge
Madhya Pradesh,Hoshangabad,Hoshangabad,Itarsi,Itarsi,identity,False,,,,1636,2021-01-30,2023-05-22,
Madhya Pradesh,Hoshangabad,Hoshangabad,Itarsi (F&V),Itarsi,reviewed_merge,False,similar_name_no_overlap,Itarsi,Hoshangabad,165,2024-12-16,2025-10-30,merge
Madhya Pradesh,Hoshangabad,Hoshangabad,Pipariya,Pipariya,identity,False,,,,3610,2018-11-24,2023-12-20,
Madhya Pradesh,Hoshangabad,Hoshangabad,Pipariya (F&V),Pipariya,reviewed_merge,False,similar_name_no_overlap,Pipariya,Hoshangabad,823,2024-10-06,2025-11-03,merge
Madhya Pradesh,Hoshangabad,Hoshangabad,Pipariya (F&V) APMC,Pipariya,reviewed_merge,False,similar_name_no_overlap,Pipariya,Hoshangabad,25,2026-02-01,2026-04-18,merge
Madhya Pradesh,Indore,Indore,Gautampura,Gautampura,identity,False,,,,811,2018-05-30,2025-11-03,
Madhya Pradesh,Indore,Indore,Gautampura APMC,Gautampura,apmc_suffix,False,,,,15,2025-12-03,2026-03-27,
Madhya Pradesh,Indore,Indore,Indore,Indore,identity,False,,,,2025,2023-12-21,2025-11-04,
Madhya Pradesh,Indore,Indore,Indore APMC,Indore,apmc_suffix,False,,,,219,2025-12-03,2026-04-18,
Madhya Pradesh,Indore,Indore,Indore (F&V),Indore (F&V),identity,False,,,,4482,2018-01-01,2025-11-04,
Madhya Pradesh,Indore,Indore,Indore (F&V) APMC,Indore (F&V),apmc_suffix,False,,,,34,2026-01-28,2026-04-18,
Madhya Pradesh,Indore,Indore,Mhow,Mhow,identity,False,,,,2139,2018-06-19,2023-12-19,
Madhya Pradesh,Indore,Indore,Mhow (F&V),Mhow,reviewed_merge,False,similar_name_no_overlap,Mhow,Indore,962,2024-10-08,2025-11-04,merge
Madhya Pradesh,Indore,Indore,Sanwer,Sanwer,identity,False,,,,5527,2018-01-01,2023-12-20,
Madhya Pradesh,Indore,Indore,Sanwer (F&V),Sanwer,reviewed_merge,False,similar_name_no_overlap,Sanwer,Indore,150,2025-08-26,2025-11-04,merge
Madhya Pradesh,Indore,Indore,Sanwer (F&V) APMC,Sanwer,reviewed_merge,False,similar_name_no_overlap,Sanwer,Indore,37,2026-02-05,2026-04-17,merge
Madhya Pradesh,Jabalpur,Jabalpur,Jabalpur (F&V),Jabalpur (F&V),identity,False,,,,4721,2018-01-02,2025-11-04,
Madhya Pradesh,Jabalpur,Jabalpur,Jabalpur (F&V) APMC,Jabalpur (F&V),apmc_suffix,False,,,,35,2026-01-29,2026-04-19,
Madhya Pradesh,Jabalpur,Jabalpur,Patan (F&V),Patan (F&V),identity,False,,,,51,2024-09-26,2025-03-02,
Madhya Pradesh,Jabalpur,Jabalpur,Sehora,Sehora,identity,False,,,,5,2024-05-08,2025-09-30,
Madhya Pradesh,Jabalpur,Jabalpur,Sehora APMC,Sehora,apmc_suffix,False,,,,2,2025-12-31,2026-01-31,
Madhya Pradesh,Jabalpur,Jabalpur,Sihora (F&V),Sihora (F&V),identity,False,,,,3,2023-05-29,2023-06-12,
Madhya Pradesh,Jhabua,Jhabua,Jhabua,Jhabua,identity,False,,,,1030,2018-01-01,2020-09-16,
Madhya Pradesh,Jhabua,Jhabua,Petlawad,Petlawad,identity,False,,,,4026,2018-05-28,2025-10-08,
Madhya Pradesh,Jhabua,Jhabua,Petlawad (F&V),Petlawad (F&V),identity,False,,,,1084,2024-10-02,2025-11-04,
Madhya Pradesh,Jhabua,Jhabua,Petlawad (F&V) APMC,Petlawad (F&V),apmc_suffix,False,,,,31,2026-02-08,2026-04-14,
Madhya Pradesh,Jhabua,Jhabua,Thandla,Thandla,identity,False,,,,3924,2018-06-30,2023-12-20,
Madhya Pradesh,Jhabua,Jhabua,Thandla (F&V),Thandla,reviewed_merge,False,similar_name_no_overlap,Thandla,Jhabua,129,2025-08-29,2025-11-03,merge
Madhya Pradesh,Katni,Katni,Katni,Katni,identity,False,,,,133,2024-03-10,2025-11-03,
Madhya Pradesh,Katni,Katni,Katni APMC,Katni,apmc_suffix,False,,,,8,2025-12-15,2026-03-29,
Madhya Pradesh,Katni,Katni,Katni (F&V),Katni (F&V),identity,False,,,,423,2023-07-01,2025-10-29,
Madhya Pradesh,Katni,Katni,Katni (F&V) APMC,Katni (F&V),apmc_suffix,False,,,,17,2026-02-02,2026-04-08,
Madhya Pradesh,Khandwa,Khandwa,Badwah (F&V),Badwah (F&V),identity,False,,,,338,2024-09-26,2025-10-31,
Madhya Pradesh,Khandwa,Khandwa,Badwah (F&V) APMC,Badwah (F&V),apmc_suffix,False,,,,15,2026-02-11,2026-04-16,
Madhya Pradesh,Khandwa,Khandwa,Khandwa,Khandwa,identity,False,,,,659,2023-12-21,2025-11-03,
Madhya Pradesh,Khandwa,Khandwa,Khandwa APMC,Khandwa,apmc_suffix,False,,,,52,2025-12-06,2026-04-20,
Madhya Pradesh,Khandwa,Khandwa,Khandwa (F&V),Khandwa (F&V),identity,False,,,,4694,2018-01-01,2025-10-26,
Madhya Pradesh,Khandwa,Khandwa,Khandwa (F&V) APMC,Khandwa (F&V),apmc_suffix,False,,,,24,2026-02-05,2026-04-15,
Madhya Pradesh,Khandwa,Khandwa,Khargone (F&V),Khargone (F&V),identity,False,,,,50,2025-09-09,2025-11-04,
Madhya Pradesh,Khandwa,Khandwa,Pandhana (F&V),Pandhana (F&V),identity,False,,,,1396,2018-05-16,2023-12-20,
Madhya Pradesh,Khandwa,Khandwa,Sanawad (F&V),Sanawad (F&V),identity,False,,,,571,2024-09-27,2025-11-04,
Madhya Pradesh,Khandwa,Khandwa,Sanawad (F&V) APMC,Sanawad (F&V),apmc_suffix,False,,,,30,2026-02-06,2026-04-16,
Madhya Pradesh,Khargone,Khargone,Badwaha,Badwaha,identity,False,,,,2607,2021-02-10,2023-12-19,
Madhya Pradesh,Khargone,Khargone,Khargone,Khargone,identity,False,,,,1992,2021-11-09,2023-12-21,
Madhya Pradesh,Khargone,Khargone,Sanawad,Sanawad,identity,False,,,,1356,2022-04-10,2023-12-19,
Madhya Pradesh,Mandsaur,Mandsaur,Bhanpura,Bhanpura,identity,False,,,,22,2022-01-05,2025-08-21,
Madhya Pradesh,Mandsaur,Mandsaur,Daloda,Daloda,identity,False,,,,9,2024-01-20,2024-02-13,
Madhya Pradesh,Mandsaur,Mandsaur,Garoth,Garoth,identity,False,,,,695,2018-06-13,2025-07-09,
Madhya Pradesh,Mandsaur,Mandsaur,Garoth APMC,Garoth,apmc_suffix,False,,,,14,2025-12-11,2026-02-03,
Madhya Pradesh,Mandsaur,Mandsaur,Mandsaur,Mandsaur,identity,False,,,,2028,2018-01-01,2025-11-04,
Madhya Pradesh,Mandsaur,Mandsaur,Mandsaur APMC,Mandsaur,apmc_suffix,False,,,,93,2025-12-03,2026-04-17,
Madhya Pradesh,Mandsaur,Mandsaur,Mandsaur (F&V),Mandsaur (F&V),identity,False,,,,2849,2018-01-01,2023-12-20,
Madhya Pradesh,Mandsaur,Mandsaur,Piplya,Piplya,identity,False,,,,1,2024-08-30,2024-08-30,
Madhya Pradesh,Mandsaur,Mandsaur,Shamgarh,Shamgarh (F&V),reviewed_merge,False,similar_name_no_overlap,Shamgarh (F&V),Mandsaur,365,2023-12-21,2025-11-03,merge
Madhya Pradesh,Mandsaur,Mandsaur,Shamgarh (F&V),Shamgarh (F&V),identity,False,,,,870,2018-06-09,2023-12-20,
Madhya Pradesh,Mandsaur,Mandsaur,Shamgarh APMC,Shamgarh (F&V),reviewed_merge,False,similar_name_no_overlap,Shamgarh (F&V),Mandsaur,60,2025-12-04,2026-04-18,merge
Madhya Pradesh,Mandsaur,Mandsaur,Sitamau (F&V),Sitamau (F&V),identity,False,,,,38,2024-10-07,2025-01-01,
Madhya Pradesh,Mandsaur,Mandsaur,Sitmau,Sitmau,identity,False,,,,837,2018-11-18,2025-11-03,
Madhya Pradesh,Mandsaur,Mandsaur,Sitmau APMC,Sitmau,apmc_suffix,False,,,,21,2025-12-12,2026-03-16,
Madhya Pradesh,Morena,Morena,Ambaha,Ambaha,identity,False,,,,19,2024-04-27,2025-10-27,
Madhya Pradesh,Morena,Morena,Jora,Jora,identity,False,,,,8,2019-02-12,2019-03-13,
Madhya Pradesh,Morena,Morena,Morena,Morena,identity,False,,,,823,2023-12-22,2025-11-04,
Madhya Pradesh,Morena,Morena,Morena APMC,Morena,apmc_suffix,False,,,,74,2025-12-04,2026-04-20,
Madhya Pradesh,Morena,Morena,Morena (F&V),Morena (F&V),identity,False,,,,2472,2018-01-04,2023-09-29,
Madhya Pradesh,Morena,Morena,Morena (F&V) APMC,Morena (F&V),apmc_suffix,False,,,,29,2026-02-05,2026-04-17,
Madhya Pradesh,Morena,Morena,Porsa,Porsa,identity,False,,,,582,2020-10-12,2025-11-03,
Madhya Pradesh,Morena,Morena,Porsa APMC,Porsa,apmc_suffix,False,,,,16,2025-12-22,2026-04-09,
Madhya Pradesh,Morena,Morena,Porsa (F&V),Porsa (F&V),identity,False,,,,1279,2018-03-12,2023-12-18,
Madhya Pradesh,Morena,Morena,Sabalgarh,Sabalgarh,identity,False,,,,318,2022-01-19,2023-01-23,
Madhya Pradesh,Morena,Morena,Sabalgarh (F&V),Sabalgarh,reviewed_merge,False,similar_name_no_overlap,Sabalgarh,Morena,612,2024-10-14,2025-11-03,merge
Madhya Pradesh,Morena,Morena,Sabalgarh (F&V) APMC,Sabalgarh,reviewed_merge,False,similar_name_no_overlap,Sabalgarh,Morena,22,2026-02-10,2026-04-19,merge
Madhya Pradesh,Narsinghpur,Narsinghpur,Gadarwada,Gadarwada,identity,False,,,,1035,2019-03-01,2021-06-10,
Madhya Pradesh,Neemuch,Neemuch,Javad,Javad,identity,False,,,,58,2020-02-25,2025-07-04,
Madhya Pradesh,Neemuch,Neemuch,Manasa,Manasa,identity,False,,,,591,2018-01-01,2025-11-03,
Madhya Pradesh,Neemuch,Neemuch,Manasa APMC,Manasa,apmc_suffix,False,,,,31,2025-12-05,2026-02-24,
Madhya Pradesh,Neemuch,Neemuch,Neemuch,Neemuch,identity,False,,,,1758,2018-01-01,2025-11-03,
Madhya Pradesh,Neemuch,Neemuch,Neemuch APMC,Neemuch,apmc_suffix,False,,,,69,2025-12-04,2026-04-10,
Madhya Pradesh,Raisen,Raisen,Bareli (F&V),Bareli (F&V),identity,False,,,,121,2025-01-01,2025-11-04,
Madhya Pradesh,Raisen,Raisen,Bareli (F&V) APMC,Bareli (F&V),apmc_suffix,False,,,,1,2026-02-08,2026-02-08,
Madhya Pradesh,Raisen,Raisen,Raisen,Raisen,identity,False,,,,28,2018-06-11,2023-09-26,
Madhya Pradesh,Rajgarh,Rajgarh,Biaora,Biaora,identity,False,,,,2661,2019-02-13,2025-10-30,
Madhya Pradesh,Rajgarh,Rajgarh,Biaora APMC,Biaora,apmc_suffix,False,,,,1,2025-12-17,2025-12-17,
Madhya Pradesh,Rajgarh,Rajgarh,Kurawar,Kurawar,identity,False,,,,2,2025-07-10,2025-07-18,
Madhya Pradesh,Rajgarh,Rajgarh,Narsinghgarh,Narsinghgarh,identity,False,,,,4169,2018-01-01,2025-11-03,
Madhya Pradesh,Rajgarh,Rajgarh,Narsinghgarh APMC,Narsinghgarh,apmc_suffix,False,,,,49,2025-12-03,2026-04-17,
Madhya Pradesh,Rajgarh,Rajgarh,Pachaur,Pachaur,identity,False,,,,12,2022-05-17,2022-05-31,
Madhya Pradesh,Rajgarh,Rajgarh,Sarangpur,Sarangpur,identity,False,,,,868,2018-05-25,2025-11-03,
Madhya Pradesh,Rajgarh,Rajgarh,Sarangpur APMC,Sarangpur,apmc_suffix,False,,,,34,2025-12-06,2026-04-14,
Madhya Pradesh,Rajgarh,Rajgarh,Sarangpur (F&V),Sarangpur (F&V),identity,False,,,,346,2024-09-25,2025-10-31,
Madhya Pradesh,Rajgarh,Rajgarh,Sarangpur (F&V) APMC,Sarangpur (F&V),apmc_suffix,False,,,,13,2026-02-07,2026-03-11,
Madhya Pradesh,Ratlam,Ratlam,A lot,A lot,identity,False,,,,283,2022-05-24,2025-11-03,
Madhya Pradesh,Ratlam,Ratlam,A lot APMC,A lot,apmc_suffix,False,,,,21,2025-12-03,2026-04-18,
Madhya Pradesh,Ratlam,Ratlam,Alot (F&V),Alot (F&V),identity,False,,,,9,2024-10-03,2025-03-01,
Madhya Pradesh,Ratlam,Ratlam,Jaora,Jaora,identity,False,,,,1284,2018-02-20,2025-11-04,
Madhya Pradesh,Ratlam,Ratlam,Jaora APMC,Jaora,apmc_suffix,False,,,,31,2025-12-04,2026-04-18,
Madhya Pradesh,Ratlam,Ratlam,Jawra (F&V),Jawra (F&V),identity,False,,,,334,2024-09-27,2025-10-30,
Madhya Pradesh,Ratlam,Ratlam,Jawra (F&V) APMC,Jawra (F&V),apmc_suffix,False,,,,7,2026-02-11,2026-04-07,
Madhya Pradesh,Ratlam,Ratlam,Ratlam,Ratlam,identity,False,,,,1000,2018-02-17,2025-11-03,
Madhya Pradesh,Ratlam,Ratlam,Ratlam APMC,Ratlam,apmc_suffix,False,,,,75,2025-12-02,2026-04-16,
Madhya Pradesh,Ratlam,Ratlam,Ratlam (F&V),Ratlam (F&V),identity,False,,,,1718,2018-01-01,2023-12-19,
Madhya Pradesh,Ratlam,Ratlam,Sailana,Sailana,identity,False,,,,1813,2018-01-01,2025-11-03,
Madhya Pradesh,Ratlam,Ratlam,Sailana APMC,Sailana,apmc_suffix,False,,,,29,2025-12-06,2026-04-17,
Madhya Pradesh,Ratlam,Ratlam,Sailana (F&V),Sailana (F&V),identity,False,,,,252,2024-09-26,2025-11-03,
Madhya Pradesh,Ratlam,Ratlam,Sailana (F&V) APMC,Sailana (F&V),apmc_suffix,False,,,,12,2026-01-28,2026-04-17,
Madhya Pradesh,Ratlam,Ratlam,Taal,Taal,identity,False,,,,1,2021-02-13,2021-02-13,
Madhya Pradesh,Rewa,Rewa,Hanumana (F&V),Hanumana (F&V),identity,False,,,,7,2025-08-29,2025-10-17,
Madhya Pradesh,Rewa,Rewa,Hanumana (F&V) APMC,Hanumana (F&V),apmc_suffix,False,,,,3,2026-02-13,2026-03-27,
Madhya Pradesh,Rewa,Rewa,Rewa,Rewa,identity,False,,,,11,2024-03-07,2024-04-15,
Madhya Pradesh,Rewa,Rewa,Rewa (F&V),Rewa,reviewed_merge,False,similar_name_no_overlap,Rewa,Rewa,243,2024-11-04,2025-10-30,merge
Madhya Pradesh,Rewa,Rewa,Rewa (F&V) APMC,Rewa,reviewed_merge,False,similar_name_no_overlap,Rewa,Rewa,14,2026-03-11,2026-04-18,merge
Madhya Pradesh,Sagar,Sagar,Deori,Deori,identity,False,,,,4141,2018-01-02,2025-05-03,
Madhya Pradesh,Sagar,Sagar,Deori APMC,Deori,apmc_suffix,False,,,,37,2025-12-24,2026-04-12,
Madhya Pradesh,Sagar,Sagar,Devri (F&V),Devri (F&V),identity,False,,,,29,2025-04-08,2025-05-08,
Madhya Pradesh,Sagar,Sagar,Garhakota,Garhakota,identity,False,,,,228,2022-04-20,2025-06-13,
Madhya Pradesh,Sagar,Sagar,Garhakota APMC,Garhakota,apmc_suffix,False,,,,23,2025-12-14,2026-04-10,
Madhya Pradesh,Sagar,Sagar,Khurai (F&V),Khurai (F&V),identity,False,,,,711,2024-09-26,2025-11-04,
Madhya Pradesh,Sagar,Sagar,Malthone,Malthone,identity,False,,,,4,2025-05-20,2025-06-21,
Madhya Pradesh,Sagar,Sagar,Rehli,Rehli,identity,False,,,,15,2024-03-15,2025-04-24,
Madhya Pradesh,Sagar,Sagar,Rehli (F&V),Rehli,reviewed_merge,False,similar_name_no_overlap,Rehli,Sagar,56,2025-08-28,2025-11-04,merge
Madhya Pradesh,Sagar,Sagar,Rehli (F&V) APMC,Rehli,reviewed_merge,False,similar_name_no_overlap,Rehli,Sagar,24,2026-02-05,2026-04-16,merge
Madhya Pradesh,Sagar,Sagar,Sagar,Sagar,identity,False,,,,105,2024-04-01,2025-05-23,
Madhya Pradesh,Sagar,Sagar,Sagar APMC,Sagar,apmc_suffix,False,,,,18,2026-02-28,2026-04-18,
Madhya Pradesh,Sagar,Sagar,Sagar (F&V),Sagar (F&V),identity,False,,,,5016,2018-01-01,2025-11-04,
Madhya Pradesh,Sagar,Sagar,Sagar (F&V) APMC,Sagar (F&V),apmc_suffix,False,,,,42,2026-01-28,2026-04-19,
Madhya Pradesh,Satna,Satna,Maihar (F&V),Maihar (F&V),identity,False,,,,103,2025-08-28,2025-11-04,
Madhya Pradesh,Satna,Satna,Maihar (F&V) APMC,Maihar (F&V),apmc_suffix,False,,,,38,2026-02-01,2026-04-17,
Madhya Pradesh,Satna,Satna,Mehar,Mehar,identity,False,,,,315,2022-04-26,2024-07-07,
Madhya Pradesh,Satna,Satna,Satna,Satna,identity,False,,,,57,2018-06-14,2019-10-22,
Madhya Pradesh,Satna,Satna,Satna (F&V),Satna (F&V),identity,False,,,,536,2018-06-11,2025-10-30,
Madhya Pradesh,Satna,Satna,Satna (F&V) APMC,Satna (F&V),apmc_suffix,False,,,,5,2026-02-17,2026-04-05,
Madhya Pradesh,Sehore,Sehore,Aashta (F&V),Aashta (F&V),identity,False,,,,70,2024-09-25,2025-10-31,
Madhya Pradesh,Sehore,Sehore,Ashta,Ashta,identity,False,,,,1093,2018-02-19,2025-11-03,
Madhya Pradesh,Sehore,Sehore,Ashta APMC,Ashta,apmc_suffix,False,,,,9,2025-12-17,2026-04-10,
Madhya Pradesh,Sehore,Sehore,Ichhawar,Ichhawar,identity,False,,,,442,2021-07-27,2025-11-03,
Madhya Pradesh,Sehore,Sehore,Ichhawar APMC,Ichhawar,apmc_suffix,False,,,,2,2025-12-23,2026-01-03,
Madhya Pradesh,Sehore,Sehore,Ichhawar (F&V),Ichhawar (F&V),identity,False,,,,147,2024-09-25,2025-10-16,
Madhya Pradesh,Sehore,Sehore,Sehore,Sehore,identity,False,,,,2015,2018-04-21,2025-11-03,
Madhya Pradesh,Sehore,Sehore,Sehore APMC,Sehore,apmc_suffix,False,,,,32,2025-12-05,2026-04-13,
Madhya Pradesh,Sehore,Sehore,Sehore (F&V),Sehore (F&V),identity,False,,,,316,2024-10-03,2025-11-03,
Madhya Pradesh,Sehore,Sehore,Sehore (F&V) APMC,Sehore (F&V),apmc_suffix,False,,,,14,2026-02-07,2026-04-12,
Madhya Pradesh,Seoni,Seoni,Seoni,Seoni,identity,False,,,,426,2023-06-16,2023-12-20,
Madhya Pradesh,Seoni,Seoni,Seoni (F&V) APMC,Seoni,reviewed_merge,False,similar_name_no_overlap,Seoni,Seoni,30,2026-01-28,2026-04-17,merge
Madhya Pradesh,Shajapur,Shajapur,Agar,Agar,identity,False,,,,377,2024-04-20,2025-11-01,
Madhya Pradesh,Shajapur,Shajapur,Agar APMC,Agar,apmc_suffix,False,,,,6,2025-12-18,2026-04-04,
Madhya Pradesh,Shajapur,Shajapur,Akodia,Akodia,identity,False,,,,37,2019-03-09,2023-10-20,
Madhya Pradesh,Shajapur,Shajapur,Akodiya,Akodia,reviewed_merge,False,similar_name_no_overlap,Akodia,Shajapur,295,2023-12-21,2024-07-26,merge
Madhya Pradesh,Shajapur,Shajapur,Akodiya (F&V),Akodia,reviewed_merge,False,similar_name_no_overlap,Akodia,Shajapur,17,2024-09-30,2025-11-03,merge
Madhya Pradesh,Shajapur,Shajapur,Berachha,Berachha,identity,False,,,,80,2019-02-27,2025-09-30,
Madhya Pradesh,Shajapur,Shajapur,Kalapipal,Kalapipal,identity,False,,,,2433,2018-01-06,2025-11-03,
Madhya Pradesh,Shajapur,Shajapur,Kalapipal APMC,Kalapipal,apmc_suffix,False,,,,24,2025-12-03,2026-03-16,
Madhya Pradesh,Shajapur,Shajapur,Kalapipal (F&V),Kalapipal (F&V),identity,False,,,,413,2024-09-26,2025-11-05,
Madhya Pradesh,Shajapur,Shajapur,Kalapipal (F&V) APMC,Kalapipal (F&V),apmc_suffix,False,,,,8,2026-02-05,2026-04-10,
Madhya Pradesh,Shajapur,Shajapur,Nalkehda,Nalkehda,identity,False,,,,186,2019-05-01,2019-07-04,
Madhya Pradesh,Shajapur,Shajapur,Sajapur,Sajapur,identity,False,,,,397,2023-12-21,2024-07-01,
Madhya Pradesh,Shajapur,Shajapur,Shajapur,Shajapur,identity,False,similar_name_no_overlap,Sajapur,Shajapur,1040,2024-07-01,2025-11-04,keep_separate
Madhya Pradesh,Shajapur,Shajapur,Shajapur APMC,Shajapur,apmc_suffix,False,similar_name_no_overlap,Sajapur,Shajapur,166,2025-12-04,2026-04-18,keep_separate
Madhya Pradesh,Shajapur,Shajapur,Shajapur (F&V),Shajapur (F&V),identity,False,,,,2004,2018-01-01,2023-12-20,
Madhya Pradesh,Shajapur,Shajapur,Shajapur (F&V) APMC,Shajapur (F&V),apmc_suffix,False,,,,13,2026-01-29,2026-04-10,
Madhya Pradesh,Shajapur,Shajapur,Shujalpur,Shujalpur,identity,False,,,,1921,2018-09-04,2025-11-03,
Madhya Pradesh,Shajapur,Shajapur,Shujalpur APMC,Shujalpur,apmc_suffix,False,,,,28,2025-12-04,2026-04-13,
Madhya Pradesh,Shajapur,Shajapur,Shujalpur (F&V),Shujalpur (F&V),identity,False,,,,192,2024-09-24,2025-10-30,
Madhya Pradesh,Shajapur,Shajapur,Soyatkalan,Soyatkalan,identity,False,,,,921,2018-12-05,2025-11-03,
Madhya Pradesh,Shajapur,Shajapur,Soyatkalan APMC,Soyatkalan,apmc_suffix,False,,,,43,2025-12-08,2026-04-17,
Madhya Pradesh,Sheopur,Sheopur,Sheopurkalan (F&V),Syopurkalan (F&V),reviewed_merge,False,similar_name_no_overlap,Syopurkalan (F&V),Sheopur,277,2024-10-08,2025-11-04,merge
Madhya Pradesh,Sheopur,Sheopur,Sheopurkalan (F&V) APMC,Syopurkalan (F&V),reviewed_merge,False,similar_name_no_overlap,Syopurkalan (F&V),Sheopur,10,2026-01-29,2026-04-14,merge
Madhya Pradesh,Sheopur,Sheopur,Syopurkalan (F&V),Syopurkalan (F&V),identity,False,,,,2365,2018-01-02,2023-12-20,
Madhya Pradesh,Shivpuri,Shivpuri,Bairad (F&V),Bairad (F&V),identity,False,,,,1,2025-10-30,2025-10-30,
Madhya Pradesh,Shivpuri,Shivpuri,Barad,Barad,identity,False,,,,109,2021-12-01,2025-08-28,
Madhya Pradesh,Shivpuri,Shivpuri,Barad APMC,Barad,apmc_suffix,False,,,,16,2025-12-04,2026-02-12,
Madhya Pradesh,Shivpuri,Shivpuri,Karera (F&V),Karera (F&V),identity,False,,,,113,2025-09-05,2025-11-05,
Madhya Pradesh,Shivpuri,Shivpuri,Karera (F&V) APMC,Karera (F&V),apmc_suffix,False,,,,45,2026-02-11,2026-04-17,
Madhya Pradesh,Shivpuri,Shivpuri,Kolaras (F&V),Kolaras (F&V),identity,False,,,,18,2024-12-25,2025-01-28,
Madhya Pradesh,Shivpuri,Shivpuri,Magroni (F&V),Magroni (F&V),identity,False,,,,3,2025-01-17,2025-01-20,
Madhya Pradesh,Shivpuri,Shivpuri,Magroni (F&V) APMC,Magroni (F&V),apmc_suffix,False,,,,8,2026-02-13,2026-04-11,
Madhya Pradesh,Shivpuri,Shivpuri,Magroni (F&amp;V) APMC,Magroni (F&V),apmc_suffix,False,,,,2,2026-02-03,2026-02-04,
Madhya Pradesh,Shivpuri,Shivpuri,Shivpuri,Shivpuri,identity,False,,,,225,2023-12-23,2025-11-04,
Madhya Pradesh,Shivpuri,Shivpuri,Shivpuri APMC,Shivpuri,apmc_suffix,False,,,,14,2025-12-08,2026-03-10,
Madhya Pradesh,Shivpuri,Shivpuri,Shivpuri (F&V),Shivpuri (F&V),identity,False,,,,2775,2018-01-01,2025-10-29,
Madhya Pradesh,Shivpuri,Shivpuri,Shivpuri (F&V) APMC,Shivpuri (F&V),apmc_suffix,False,,,,25,2026-01-30,2026-04-20,
Madhya Pradesh,Singroli,Singroli,Singroli,Singroli,identity,False,,,,772,2022-02-14,2023-12-20,
Madhya Pradesh,Singroli,Singroli,Singroli (F&V),Singroli,reviewed_merge,False,similar_name_no_overlap,Singroli,Singroli,71,2025-05-13,2025-10-28,merge
Madhya Pradesh,Tikamgarh,Tikamgarh,Tikamgarh,Tikamgarh,identity,False,,,,1,2018-05-31,2018-05-31,
Madhya Pradesh,Ujjain,Ujjain,Badnagar,Badnagar,identity,False,,,,580,2021-12-08,2025-11-03,
Madhya Pradesh,Ujjain,Ujjain,Badnagar APMC,Badnagar,apmc_suffix,False,,,,15,2025-12-05,2026-01-10,
Madhya Pradesh,Ujjain,Ujjain,Mahidpur,Mahidpur,identity,False,,,,79,2022-03-09,2025-03-03,
Madhya Pradesh,Ujjain,Ujjain,Mahidpur (F&V),Mahidpur (F&V),identity,False,,,,15,2024-12-23,2025-04-15,
Madhya Pradesh,Ujjain,Ujjain,Ujjain,Ujjain,identity,False,,,,1476,2023-12-21,2025-11-04,
Madhya Pradesh,Ujjain,Ujjain,Ujjain APMC,Ujjain,apmc_suffix,False,,,,138,2025-12-03,2026-04-18,
Madhya Pradesh,Ujjain,Ujjain,Ujjain (F&V),Ujjain (F&V),identity,False,,,,3710,2018-01-01,2025-11-05,
Madhya Pradesh,Ujjain,Ujjain,Ujjain (F&V) APMC,Ujjain (F&V),apmc_suffix,False,,,,10,2026-02-08,2026-04-13,
Maharashtra,Ahmednagar,Ahmednagar,Ahmednagar,Ahmednagar,identity,False,,,,2262,2018-01-01,2025-11-01,
Maharashtra,Ahmednagar,Ahmednagar,Ahmednagar APMC,Ahmednagar,apmc_suffix,False,,,,37,2025-12-04,2026-04-18,
Maharashtra,Ahmednagar,Ahmednagar,Akole,Akole,identity,False,,,,800,2018-01-04,2025-11-04,
Maharashtra,Ahmednagar,Ahmednagar,Akole APMC,Akole,apmc_suffix,False,,,,7,2026-02-22,2026-04-14,
Maharashtra,Ahmednagar,Ahmednagar,Jamkhed,Jamkhed,identity,False,,,,696,2018-01-02,2025-10-30,
Maharashtra,Ahmednagar,Ahmednagar,Jamkhed APMC,Jamkhed,apmc_suffix,False,,,,3,2026-01-17,2026-04-18,
Maharashtra,Ahmednagar,Ahmednagar,Karjat,Karjat,identity,False,,,,335,2023-10-18,2025-10-15,
Maharashtra,Ahmednagar,Ahmednagar,Karjat APMC,Karjat,apmc_suffix,False,,,,3,2026-02-03,2026-03-26,
Maharashtra,Ahmednagar,Ahmednagar,Kopargaon,Kopargaon,identity,False,,,,1894,2018-01-25,2025-11-03,
Maharashtra,Ahmednagar,Ahmednagar,Kopargaon APMC,Kopargaon,apmc_suffix,False,,,,46,2025-12-05,2026-04-17,
Maharashtra,Ahmednagar,Ahmednagar,Newasa (Ghodegaon),Newasa (Ghodegaon),identity,False,,,,1035,2018-01-01,2025-10-15,
Maharashtra,Ahmednagar,Ahmednagar,Newasa (Ghodegaon) APMC,Newasa (Ghodegaon),apmc_suffix,False,,,,10,2025-12-11,2026-04-18,
Maharashtra,Ahmednagar,Ahmednagar,Om Chaitanya Multistate Agro Purpose CoOp Society,Om Chaitanya Multistate Agro Purpose CoOp Society,identity,False,,,,233,2023-07-07,2025-11-02,
Maharashtra,Ahmednagar,Ahmednagar,Om Chaitanya Multistate Agro Purpose CoOp Society APMC,Om Chaitanya Multistate Agro Purpose CoOp Society,apmc_suffix,False,,,,9,2026-01-23,2026-04-17,
Maharashtra,Ahmednagar,Ahmednagar,Parner,Parner,identity,False,,,,991,2018-01-03,2025-11-02,
Maharashtra,Ahmednagar,Ahmednagar,Parner APMC,Parner,apmc_suffix,False,,,,16,2025-12-03,2026-04-15,
Maharashtra,Ahmednagar,Ahmednagar,Pathardi,Pathardi,identity,False,,,,848,2018-01-02,2025-11-02,
Maharashtra,Ahmednagar,Ahmednagar,Pathardi APMC,Pathardi,apmc_suffix,False,,,,4,2026-02-01,2026-04-12,
Maharashtra,Ahmednagar,Ahmednagar,Rahata,Rahata,identity,False,,,,4415,2018-01-02,2025-11-04,
Maharashtra,Ahmednagar,Ahmednagar,Rahata APMC,Rahata,apmc_suffix,False,,,,59,2025-12-05,2026-04-19,
Maharashtra,Ahmednagar,Ahmednagar,Rahuri,Rahuri,identity,False,,,,3819,2018-01-01,2025-11-03,
Maharashtra,Ahmednagar,Ahmednagar,Rahuri APMC,Rahuri,apmc_suffix,False,,,,67,2025-12-06,2026-04-14,
Maharashtra,Ahmednagar,Ahmednagar,Rahuri (Songaon),Rahuri (Songaon),identity,False,,,,115,2022-08-02,2025-10-07,
Maharashtra,Ahmednagar,Ahmednagar,Rahuri (Vambori),Rahuri (Vambori),identity,False,,,,1069,2018-01-01,2025-11-03,
Maharashtra,Ahmednagar,Ahmednagar,Rahuri (Vambori) APMC,Rahuri (Vambori),apmc_suffix,False,,,,17,2025-12-13,2026-04-06,
Maharashtra,Ahmednagar,Ahmednagar,Sangamner,Sangamner,identity,False,,,,3886,2018-01-01,2025-10-27,
Maharashtra,Ahmednagar,Ahmednagar,Sangamner APMC,Sangamner,apmc_suffix,False,,,,76,2025-12-04,2026-04-17,
Maharashtra,Ahmednagar,Ahmednagar,Shevgaon,Shevgaon,identity,False,,,,2138,2018-01-01,2025-11-03,
Maharashtra,Ahmednagar,Ahmednagar,Shevgaon APMC,Shevgaon,apmc_suffix,False,,,,46,2025-12-15,2026-04-18,
Maharashtra,Ahmednagar,Ahmednagar,Shree Sairaj Krushi Market,Shree Sairaj Krushi Market,identity,False,,,,125,2023-07-05,2025-10-15,
Maharashtra,Ahmednagar,Ahmednagar,Shree Sairaj Krushi Market APMC,Shree Sairaj Krushi Market,apmc_suffix,False,,,,6,2026-01-28,2026-04-20,
Maharashtra,Ahmednagar,Ahmednagar,Shrigonda,Shrigonda,identity,False,,,,415,2018-01-09,2025-06-15,
Maharashtra,Ahmednagar,Ahmednagar,Shrigonda APMC,Shrigonda,apmc_suffix,False,,,,3,2026-03-15,2026-03-30,
Maharashtra,Ahmednagar,Ahmednagar,Shrigonda (Gogargaon),Shrigonda (Gogargaon),identity,False,,,,106,2018-12-31,2019-11-21,
Maharashtra,Ahmednagar,Ahmednagar,Shrirampur,Shrirampur,identity,False,,,,5281,2018-01-01,2025-11-03,
Maharashtra,Ahmednagar,Ahmednagar,Shrirampur APMC,Shrirampur,apmc_suffix,False,,,,64,2025-12-04,2026-04-19,
Maharashtra,Akola,Akola,Akola,Akola,identity,False,,,,1371,2018-05-28,2025-11-03,
Maharashtra,Akola,Akola,Akola APMC,Akola,apmc_suffix,False,,,,60,2025-12-03,2026-04-20,
Maharashtra,Amarawati,Amarawati,Amarawati,Amarawati,identity,False,,,,27,2018-02-03,2020-02-16,
Maharashtra,Amarawati,Amarawati,Amrawati (Frui & Veg. Market),Amrawati (Frui & Veg. Market),identity,False,,,,5627,2018-01-01,2025-11-03,
Maharashtra,Amarawati,Amarawati,Amrawati (Frui & Veg. Market) APMC,Amrawati (Frui & Veg. Market),apmc_suffix,False,,,,94,2025-12-03,2026-04-19,
Maharashtra,Amarawati,Amarawati,Morshi,Morshi,identity,False,,,,1152,2019-06-24,2022-01-07,
Maharashtra,Beed,Beed,Kada,Kada,identity,False,,,,231,2018-01-14,2025-08-27,
Maharashtra,Buldhana,Buldhana,Chikali,Chikali,identity,False,,,,6,2019-07-16,2019-09-14,
Maharashtra,Buldhana,Buldhana,Malkapur,Malkapur,identity,False,,,,538,2018-01-04,2025-10-30,
Maharashtra,Buldhana,Buldhana,Malkapur APMC,Malkapur,apmc_suffix,False,,,,6,2025-12-04,2026-03-24,
Maharashtra,Buldhana,Buldhana,Nandura,Nandura,identity,False,,,,165,2018-01-02,2024-08-06,
Maharashtra,Chandrapur,Chandrapur,Chandrapur,Chandrapur,identity,False,,,,33,2018-02-10,2025-08-13,
Maharashtra,Chandrapur,Chandrapur,Chandrapur (Ganjwad),Chandrapur (Ganjwad),identity,False,,,,4623,2018-01-01,2025-11-04,
Maharashtra,Chandrapur,Chandrapur,Chandrapur (Ganjwad) APMC,Chandrapur (Ganjwad),apmc_suffix,False,,,,69,2025-12-05,2026-04-17,
Maharashtra,Chandrapur,Chandrapur,Varora,Varora,identity,False,,,,2,2023-03-30,2023-03-31,
Maharashtra,Chattrapati Sambhajinagar,Chattrapati Sambhajinagar,Bhagyoday Cotton and Agri Market,Bhagyoday Cotton and Agri Market,identity,False,,,,37,2023-07-01,2024-05-18,
Maharashtra,Chattrapati Sambhajinagar,Chattrapati Sambhajinagar,Chattrapati Sambhajinagar,Chattrapati Sambhajinagar,identity,False,,,,6545,2018-01-01,2025-11-02,
Maharashtra,Chattrapati Sambhajinagar,Chattrapati Sambhajinagar,Chattrapati Sambhajinagar APMC,Chattrapati Sambhajinagar,apmc_suffix,False,,,,108,2025-11-30,2026-04-20,
Maharashtra,Chattrapati Sambhajinagar,Chattrapati Sambhajinagar,Fulmbri,Fulmbri,identity,False,,,,11,2025-06-13,2025-09-27,
Maharashtra,Chattrapati Sambhajinagar,Chattrapati Sambhajinagar,Gangapur,Gangapur,identity,False,,,,657,2018-04-06,2025-11-03,
Maharashtra,Chattrapati Sambhajinagar,Chattrapati Sambhajinagar,Gangapur APMC,Gangapur,apmc_suffix,False,,,,1,2026-04-14,2026-04-14,
Maharashtra,Chattrapati Sambhajinagar,Chattrapati Sambhajinagar,Lasur Station,Lasur Station,identity,False,,,,1081,2018-01-14,2025-10-31,
Maharashtra,Chattrapati Sambhajinagar,Chattrapati Sambhajinagar,Lasur Station APMC,Lasur Station,apmc_suffix,False,,,,13,2026-01-24,2026-04-09,
Maharashtra,Chattrapati Sambhajinagar,Chattrapati Sambhajinagar,Paithan,Paithan,identity,False,,,,443,2018-06-06,2025-10-29,
Maharashtra,Chattrapati Sambhajinagar,Chattrapati Sambhajinagar,Paithan APMC,Paithan,apmc_suffix,False,,,,2,2026-01-28,2026-04-19,
Maharashtra,Chattrapati Sambhajinagar,Chattrapati Sambhajinagar,Vaijpur,Vaijpur,identity,False,,,,1853,2018-01-01,2025-11-03,
Maharashtra,Chattrapati Sambhajinagar,Chattrapati Sambhajinagar,Vaijpur APMC,Vaijpur,apmc_suffix,False,,,,15,2025-12-26,2026-04-17,
Maharashtra,Dharashiv (Usmanabad),Dharashiv (Usmanabad),Dharashiv,Dharashiv,identity,False,,,,1439,2018-01-12,2025-11-01,
Maharashtra,Dharashiv (Usmanabad),Dharashiv (Usmanabad),Dharashiv APMC,Dharashiv,apmc_suffix,False,,,,42,2025-12-05,2026-04-19,
Maharashtra,Dharashiv (Usmanabad),Dharashiv (Usmanabad),Paranda,Paranda,identity,False,,,,170,2018-06-04,2025-10-28,
Maharashtra,Dharashiv (Usmanabad),Dharashiv (Usmanabad),Paranda APMC,Paranda,apmc_suffix,False,,,,20,2026-01-02,2026-04-17,
Maharashtra,Dharashiv (Usmanabad),Dharashiv (Usmanabad),Washi (Dharashiv),Washi (Dharashiv),identity,False,,,,3,2020-05-06,2020-05-08,
Maharashtra,Dhule,Dhule,Dhule,Dhule,identity,False,,,,1596,2018-01-01,2025-11-03,
Maharashtra,Dhule,Dhule,Dhule APMC,Dhule,apmc_suffix,False,,,,19,2025-12-05,2026-04-17,
Maharashtra,Dhule,Dhule,Janata Agri Market (DLS Agro Infrastructure Pvt Lt,Janata Agri Market (DLS Agro Infrastructure Pvt Lt,identity,False,,,,2,2023-09-29,2025-01-16,
Maharashtra,Dhule,Dhule,Pratap Nana Mahale Khajgi Bajar Samiti,Pratap Nana Mahale Khajgi Bajar Samiti,identity,False,,,,81,2023-05-02,2023-08-11,
Maharashtra,Dhule,Dhule,Sakri,Sakri,identity,False,,,,820,2018-01-09,2025-10-29,
Maharashtra,Dhule,Dhule,Sakri APMC,Sakri,apmc_suffix,False,,,,4,2025-12-15,2026-04-06,
Maharashtra,Dhule,Dhule,Shirpur,Shirpur,identity,False,,,,379,2018-01-03,2025-11-01,
Maharashtra,Dhule,Dhule,Shirpur APMC,Shirpur,apmc_suffix,False,,,,9,2025-12-06,2026-04-04,
Maharashtra,Jalana,Jalana,Jalana,Jalana,identity,False,,,,110,2024-03-04,2025-11-01,
Maharashtra,Jalana,Jalana,Jalana APMC,Jalana,apmc_suffix,False,,,,5,2025-12-20,2026-03-04,
Maharashtra,Jalgaon,Jalgaon,Amalner,Amalner,identity,False,,,,31,2018-12-27,2023-03-31,
Maharashtra,Jalgaon,Jalgaon,Bhusaval,Bhusaval,identity,False,,,,3764,2021-01-01,2025-11-04,
Maharashtra,Jalgaon,Jalgaon,Bhusaval APMC,Bhusaval,apmc_suffix,False,,,,111,2025-12-03,2026-04-17,
Maharashtra,Jalgaon,Jalgaon,Chalisgaon,Chalisgaon,identity,False,,,,549,2018-01-02,2023-04-13,
Maharashtra,Jalgaon,Jalgaon,Chalisgaon APMC,Chalisgaon,apmc_suffix,False,,,,1,2025-12-30,2025-12-30,
Maharashtra,Jalgaon,Jalgaon,Jalgaon,Jalgaon,identity,False,,,,5963,2018-01-02,2025-11-04,
Maharashtra,Jalgaon,Jalgaon,Jalgaon APMC,Jalgaon,apmc_suffix,False,,,,60,2025-12-01,2026-04-18,
Maharashtra,Jalgaon,Jalgaon,Yawal,Yawal,identity,False,,,,716,2018-01-03,2025-06-01,
Maharashtra,Jalgaon,Jalgaon,Yawal APMC,Yawal,apmc_suffix,False,,,,5,2026-01-29,2026-04-18,
Maharashtra,Kolhapur,Kolhapur,Jaysingpur,Jaysingpur,identity,False,,,,2,2020-03-18,2020-03-20,
Maharashtra,Kolhapur,Kolhapur,Kolhapur,Kolhapur,identity,False,,,,4510,2018-01-01,2025-11-04,
Maharashtra,Kolhapur,Kolhapur,Kolhapur APMC,Kolhapur,apmc_suffix,False,,,,76,2025-12-03,2026-04-20,
Maharashtra,Kolhapur,Kolhapur,Kolhapur (Malkapur),Kolhapur (Malkapur),identity,False,,,,272,2018-01-01,2025-01-04,
Maharashtra,Kolhapur,Kolhapur,Vadgaonpeth,Vadgaonpeth,identity,False,,,,2088,2018-01-01,2025-11-01,
Maharashtra,Kolhapur,Kolhapur,Vadgaonpeth APMC,Vadgaonpeth,apmc_suffix,False,,,,38,2025-12-09,2026-04-18,
Maharashtra,Latur,Latur,Ahmedpur,Ahmedpur,identity,False,,,,1,2021-06-15,2021-06-15,
Maharashtra,Latur,Latur,Ausa,Ausa,identity,False,,,,5,2024-08-02,2025-08-06,
Maharashtra,Mumbai,Mumbai,Mumbai,Mumbai,identity,False,,,,1556,2018-02-06,2025-10-28,
Maharashtra,Mumbai,Mumbai,Mumbai APMC,Mumbai,apmc_suffix,False,,,,40,2025-12-04,2026-04-11,
Maharashtra,Mumbai,Mumbai,Vashi New Mumbai,Vashi New Mumbai,identity,False,,,,4267,2018-01-01,2025-11-04,
Maharashtra,Mumbai,Mumbai,Vashi New Mumbai APMC,Vashi New Mumbai,apmc_suffix,False,,,,61,2025-12-04,2026-04-20,
Maharashtra,Nagpur,Nagpur,Hingna,Hingna,identity,False,,,,1714,2022-12-06,2025-11-04,
Maharashtra,Nagpur,Nagpur,Hingna APMC,Hingna,apmc_suffix,False,,,,83,2025-12-03,2026-04-20,
Maharashtra,Nagpur,Nagpur,Kalmeshwar,Kalmeshwar,identity,False,,,,2277,2018-01-02,2025-11-02,
Maharashtra,Nagpur,Nagpur,Kalmeshwar APMC,Kalmeshwar,apmc_suffix,False,,,,33,2025-12-05,2026-04-15,
Maharashtra,Nagpur,Nagpur,Kamthi,Kamthi,identity,False,,,,4986,2018-01-01,2025-11-04,
Maharashtra,Nagpur,Nagpur,Kamthi APMC,Kamthi,apmc_suffix,False,,,,93,2025-12-04,2026-04-20,
Maharashtra,Nagpur,Nagpur,Nagpur,Nagpur,identity,False,,,,8336,2018-01-01,2025-11-04,
Maharashtra,Nagpur,Nagpur,Nagpur APMC,Nagpur,apmc_suffix,False,,,,146,2025-12-04,2026-04-18,
Maharashtra,Nagpur,Nagpur,Parshiwani,Parshiwani,identity,False,,,,198,2021-04-07,2025-10-20,
Maharashtra,Nagpur,Nagpur,Ramtek,Ramtek,identity,False,,,,3626,2018-01-02,2025-11-04,
Maharashtra,Nagpur,Nagpur,Ramtek APMC,Ramtek,apmc_suffix,False,,,,35,2025-12-04,2026-04-14,
Maharashtra,Nandurbar,Nandurbar,Nandurbar,Nandurbar,identity,False,,,,61,2024-01-29,2024-06-14,
Maharashtra,Nandurbar,Nandurbar,Navapur,Navapur,identity,False,,,,1776,2018-01-01,2025-08-25,
Maharashtra,Nashik,Nashik,Chandvad,Chandvad,identity,False,,,,3447,2018-01-02,2025-10-29,
Maharashtra,Nashik,Nashik,Chandvad APMC,Chandvad,apmc_suffix,False,,,,52,2025-12-03,2026-04-16,
Maharashtra,Nashik,Nashik,Devala,Devala,identity,False,,,,2069,2018-01-01,2025-10-31,
Maharashtra,Nashik,Nashik,Devala APMC,Devala,apmc_suffix,False,,,,42,2025-12-11,2026-04-17,
Maharashtra,Nashik,Nashik,Dindori,Dindori,identity,False,,,,863,2018-03-18,2025-10-19,
Maharashtra,Nashik,Nashik,Dindori (Vani),Dindori (Vani),identity,False,,,,1793,2018-01-01,2025-11-03,
Maharashtra,Nashik,Nashik,Dindori (Vani) APMC,Dindori (Vani),apmc_suffix,False,,,,9,2026-01-21,2026-04-20,
Maharashtra,Nashik,Nashik,Ghoti,Ghoti,identity,False,,,,582,2018-01-01,2025-10-01,
Maharashtra,Nashik,Nashik,Ghoti APMC,Ghoti,apmc_suffix,False,,,,3,2026-01-21,2026-02-09,
Maharashtra,Nashik,Nashik,Kalvan,Kalvan,identity,False,,,,1622,2018-01-01,2025-11-04,
Maharashtra,Nashik,Nashik,Kalvan APMC,Kalvan,apmc_suffix,False,,,,24,2025-12-06,2026-04-10,
Maharashtra,Nashik,Nashik,Lasalgaon,Lasalgaon,identity,False,,,,2623,2018-01-01,2025-11-03,
Maharashtra,Nashik,Nashik,Lasalgaon APMC,Lasalgaon,apmc_suffix,False,,,,30,2025-12-03,2026-04-17,
Maharashtra,Nashik,Nashik,Lasalgaon (Niphad),Lasalgaon (Niphad),identity,False,,,,2293,2018-01-01,2025-11-01,
Maharashtra,Nashik,Nashik,Lasalgaon (Niphad) APMC,Lasalgaon (Niphad),apmc_suffix,False,,,,41,2025-12-05,2026-04-17,
Maharashtra,Nashik,Nashik,Lasalgaon (Vinchur),Lasalgaon (Vinchur),identity,False,,,,1643,2020-05-15,2025-11-01,
Maharashtra,Nashik,Nashik,Lasalgaon (Vinchur) APMC,Lasalgaon (Vinchur),apmc_suffix,False,,,,52,2025-12-04,2026-04-17,
Maharashtra,Nashik,Nashik,Malegaon,Malegaon,identity,False,,,,72,2018-01-01,2020-01-31,
Maharashtra,Nashik,Nashik,Malharshree Farmers Producer Co Ltd,Malharshree Farmers Producer Co Ltd,identity,False,,,,116,2023-07-03,2025-10-16,
Maharashtra,Nashik,Nashik,Malharshree Farmers Producer Co Ltd APMC,Malharshree Farmers Producer Co Ltd,apmc_suffix,False,,,,3,2026-01-28,2026-04-16,
Maharashtra,Nashik,Nashik,Mankamneshwar Farmar Producer CoLtd Sanchalit Mank,Mankamneshwar Farmar Producer CoLtd Sanchalit Mank,identity,False,,,,133,2023-06-08,2025-06-21,
Maharashtra,Nashik,Nashik,Manmad,Manmad,identity,False,,,,2455,2018-01-01,2025-11-03,
Maharashtra,Nashik,Nashik,Manmad APMC,Manmad,apmc_suffix,False,,,,39,2025-12-04,2026-04-20,
Maharashtra,Nashik,Nashik,Nampur,Nampur,identity,False,,,,1001,2020-05-14,2025-10-30,
Maharashtra,Nashik,Nashik,Nampur APMC,Nampur,apmc_suffix,False,,,,13,2026-01-05,2026-04-10,
Maharashtra,Nashik,Nashik,Nandgaon,Nandgaon,identity,False,,,,1539,2018-01-02,2025-10-30,
Maharashtra,Nashik,Nashik,Nandgaon APMC,Nandgaon,apmc_suffix,False,,,,11,2026-02-05,2026-04-17,
Maharashtra,Nashik,Nashik,Nasik,Nasik,identity,False,,,,5983,2018-01-01,2025-11-03,
Maharashtra,Nashik,Nashik,Nasik APMC,Nasik,apmc_suffix,False,,,,91,2025-12-03,2026-04-17,
Maharashtra,Nashik,Nashik,Pimpalgaon,Pimpalgaon,identity,False,,,,4706,2018-01-01,2025-11-03,
Maharashtra,Nashik,Nashik,Pimpalgaon APMC,Pimpalgaon,apmc_suffix,False,,,,58,2025-12-03,2026-04-19,
Maharashtra,Nashik,Nashik,Pimpalgaon Baswant (Saykheda),Pimpalgaon Baswant (Saykheda),identity,False,,,,2034,2018-01-01,2025-11-04,
Maharashtra,Nashik,Nashik,Pimpalgaon Baswant (Saykheda) APMC,Pimpalgaon Baswant (Saykheda),apmc_suffix,False,,,,28,2025-12-05,2026-04-18,
Maharashtra,Nashik,Nashik,Premium Krushi Utpanna Bazar,Premium Krushi Utpanna Bazar,identity,False,,,,1,2024-08-01,2024-08-01,
Maharashtra,Nashik,Nashik,Satana,Satana,identity,False,,,,1471,2018-01-01,2025-11-04,
Maharashtra,Nashik,Nashik,Satana APMC,Satana,apmc_suffix,False,,,,26,2025-12-08,2026-03-27,
Maharashtra,Nashik,Nashik,Shivsiddha Govind Producer Company Limited Sanchal,Shivsiddha Govind Producer Company Limited Sanchal,identity,False,,,,296,2023-07-06,2025-11-01,
Maharashtra,Nashik,Nashik,Shivsiddha Govind Producer Company Limited Sanchal APMC,Shivsiddha Govind Producer Company Limited Sanchal,apmc_suffix,False,,,,3,2026-04-02,2026-04-15,
Maharashtra,Nashik,Nashik,Shree Rameshwar Krushi Market,Shree Rameshwar Krushi Market,identity,False,,,,265,2023-07-03,2025-10-03,
Maharashtra,Nashik,Nashik,Shree Rameshwar Krushi Market APMC,Shree Rameshwar Krushi Market,apmc_suffix,False,,,,2,2026-03-16,2026-03-23,
Maharashtra,Nashik,Nashik,Sinner,Sinner,identity,False,,,,1897,2018-01-01,2025-11-04,
Maharashtra,Nashik,Nashik,Sinner APMC,Sinner,apmc_suffix,False,,,,25,2025-12-09,2026-04-15,
Maharashtra,Nashik,Nashik,Suragana,Suragana,identity,False,,,,1,2023-06-18,2023-06-18,
Maharashtra,Nashik,Nashik,Umrane,Umrane,identity,False,,,,938,2020-05-14,2025-10-30,
Maharashtra,Nashik,Nashik,Umrane APMC,Umrane,apmc_suffix,False,,,,6,2025-12-03,2026-01-08,
Maharashtra,Nashik,Nashik,Yeola,Yeola,identity,False,,,,1760,2018-01-01,2025-11-03,
Maharashtra,Nashik,Nashik,Yeola APMC,Yeola,apmc_suffix,False,,,,36,2025-12-05,2026-04-18,
Maharashtra,Pune,Pune,Baramati,Baramati,identity,False,,,,252,2023-05-15,2025-03-12,
Maharashtra,Pune,Pune,Dound,Dound,identity,False,,,,11,2019-02-15,2019-03-29,
Maharashtra,Pune,Pune,Indapur,Indapur,identity,False,,,,311,2018-01-01,2025-11-03,
Maharashtra,Pune,Pune,Indapur APMC,Indapur,apmc_suffix,False,,,,2,2025-12-30,2026-03-16,
Maharashtra,Pune,Pune,Junnar,Junnar,identity,False,,,,991,2018-01-04,2025-09-25,
Maharashtra,Pune,Pune,Junnar APMC,Junnar,apmc_suffix,False,,,,14,2025-12-11,2026-04-19,
Maharashtra,Pune,Pune,Junnar (Alephata),Junnar (Alephata),identity,False,,,,969,2018-01-02,2025-11-02,
Maharashtra,Pune,Pune,Junnar (Alephata) APMC,Junnar (Alephata),apmc_suffix,False,,,,16,2025-12-07,2026-04-10,
Maharashtra,Pune,Pune,Junnar (Narayangaon),Junnar (Narayangaon),identity,False,,,,3551,2018-01-01,2025-11-03,
Maharashtra,Pune,Pune,Junnar (Narayangaon) APMC,Junnar (Narayangaon),apmc_suffix,False,,,,73,2025-12-01,2026-04-15,
Maharashtra,Pune,Pune,Junnar (Otur),Junnar (Otur),identity,False,,,,1105,2018-01-04,2025-11-03,
Maharashtra,Pune,Pune,Junnar (Otur) APMC,Junnar (Otur),apmc_suffix,False,,,,31,2025-12-04,2026-04-19,
Maharashtra,Pune,Pune,Khed (Chakan),Khed (Chakan),identity,False,,,,4641,2018-01-02,2025-11-04,
Maharashtra,Pune,Pune,Khed (Chakan) APMC,Khed (Chakan),apmc_suffix,False,,,,71,2025-12-09,2026-04-19,
Maharashtra,Pune,Pune,Manchar,Manchar,identity,False,,,,2468,2018-01-02,2025-11-03,
Maharashtra,Pune,Pune,Manchar APMC,Manchar,apmc_suffix,False,,,,13,2026-01-22,2026-04-19,
Maharashtra,Pune,Pune,Nira,Nira,identity,False,,,,1,2024-02-17,2024-02-17,
Maharashtra,Pune,Pune,Pune,Pune,identity,False,,,,6646,2018-01-01,2025-11-04,
Maharashtra,Pune,Pune,Pune APMC,Pune,apmc_suffix,False,,,,100,2025-12-04,2026-04-20,
Maharashtra,Pune,Pune,Pune (Khadiki),Pune (Khadiki),identity,False,,,,6362,2018-08-27,2025-11-02,
Maharashtra,Pune,Pune,Pune (Khadiki) APMC,Pune (Khadiki),apmc_suffix,False,,,,68,2025-12-07,2026-04-20,
Maharashtra,Pune,Pune,Pune (Manjri),Pune (Manjri),identity,False,,,,4590,2020-05-15,2025-11-01,
Maharashtra,Pune,Pune,Pune (Manjri) APMC,Pune (Manjri),apmc_suffix,False,,,,121,2025-11-29,2026-04-19,
Maharashtra,Pune,Pune,Pune (Moshi),Pune (Moshi),identity,False,,,,4724,2020-05-18,2025-11-03,
Maharashtra,Pune,Pune,Pune (Moshi) APMC,Pune (Moshi),apmc_suffix,False,,,,103,2025-12-06,2026-04-20,
Maharashtra,Pune,Pune,Pune (Pimpri),Pune (Pimpri),identity,False,,,,5041,2018-01-01,2025-11-04,
Maharashtra,Pune,Pune,Pune (Pimpri) APMC,Pune (Pimpri),apmc_suffix,False,,,,100,2025-12-05,2026-04-14,
Maharashtra,Pune,Pune,Shirur,Shirur,identity,False,,,,58,2024-08-16,2025-01-19,
Maharashtra,Raigad,Raigad,Karjat (Raigad),Karjat (Raigad),identity,False,,,,699,2019-03-25,2024-02-23,
Maharashtra,Raigad,Raigad,Panvel,Panvel,identity,False,,,,1413,2018-01-01,2025-11-04,
Maharashtra,Raigad,Raigad,Panvel APMC,Panvel,apmc_suffix,False,,,,38,2025-12-03,2026-04-20,
Maharashtra,Raigad,Raigad,Pen,Pen,identity,False,,,,1115,2021-03-17,2024-08-09,
Maharashtra,Ratnagiri,Ratnagiri,Ratnagiri (Nachane),Ratnagiri (Nachane),identity,False,,,,1561,2018-01-01,2025-10-29,
Maharashtra,Ratnagiri,Ratnagiri,Ratnagiri (Nachane) APMC,Ratnagiri (Nachane),apmc_suffix,False,,,,19,2025-12-04,2026-04-20,
Maharashtra,Sangli,Sangli,Islampur,Islampur,identity,False,,,,1778,2018-01-02,2025-11-02,
Maharashtra,Sangli,Sangli,Islampur APMC,Islampur,apmc_suffix,False,,,,37,2025-12-09,2026-04-19,
Maharashtra,Sangli,Sangli,Palus,Palus,identity,False,,,,671,2018-02-09,2025-10-26,
Maharashtra,Sangli,Sangli,Palus APMC,Palus,apmc_suffix,False,,,,5,2026-02-03,2026-04-12,
Maharashtra,Sangli,Sangli,"Sangli (Phale, Bhajipura Market)","Sangli (Phale, Bhajipura Market)",identity,False,,,,3489,2018-01-01,2025-11-04,
Maharashtra,Sangli,Sangli,"Sangli (Phale, Bhajipura Market) APMC","Sangli (Phale, Bhajipura Market)",apmc_suffix,False,,,,78,2025-12-03,2026-04-16,
Maharashtra,Sangli,Sangli,Vita,Vita,identity,False,,,,1917,2018-01-01,2025-10-28,
Maharashtra,Sangli,Sangli,Vita APMC,Vita,apmc_suffix,False,,,,12,2025-12-29,2026-04-20,
Maharashtra,Satara,Satara,Karad,Karad,identity,False,,,,4446,2018-01-01,2025-11-04,
Maharashtra,Satara,Satara,Karad APMC,Karad,apmc_suffix,False,,,,51,2025-12-08,2026-04-20,
Maharashtra,Satara,Satara,Lonand,Lonand,identity,False,,,,686,2018-01-01,2025-10-16,
Maharashtra,Satara,Satara,Lonand APMC,Lonand,apmc_suffix,False,,,,3,2026-02-16,2026-03-23,
Maharashtra,Satara,Satara,Patan,Patan,identity,False,,,,1474,2018-01-01,2025-11-04,
Maharashtra,Satara,Satara,Patan APMC,Patan,apmc_suffix,False,,,,20,2025-12-15,2026-04-17,
Maharashtra,Satara,Satara,Phaltan,Phaltan,identity,False,,,,2029,2018-01-02,2025-10-18,
Maharashtra,Satara,Satara,Phaltan APMC,Phaltan,apmc_suffix,False,,,,10,2026-01-22,2026-04-19,
Maharashtra,Satara,Satara,Satara,Satara,identity,False,,,,5426,2018-01-01,2025-11-04,
Maharashtra,Satara,Satara,Satara APMC,Satara,apmc_suffix,False,,,,96,2025-12-03,2026-04-20,
Maharashtra,Satara,Satara,Vaduj,Vaduj,identity,False,,,,27,2025-07-05,2025-11-01,
Maharashtra,Satara,Satara,Vaduj APMC,Vaduj,apmc_suffix,False,,,,51,2025-12-06,2026-04-18,
Maharashtra,Satara,Satara,Vai,Vai,identity,False,,,,4720,2018-01-01,2025-11-02,
Maharashtra,Satara,Satara,Vai APMC,Vai,apmc_suffix,False,,,,70,2025-12-04,2026-04-19,
Maharashtra,Sholapur,Sholapur,Akluj,Akluj,identity,False,,,,3848,2018-01-01,2025-11-02,
Maharashtra,Sholapur,Sholapur,Akluj APMC,Akluj,apmc_suffix,False,,,,71,2025-12-03,2026-04-19,
Maharashtra,Sholapur,Sholapur,Barshi,Barshi,identity,False,,,,189,2018-04-02,2024-01-08,
Maharashtra,Sholapur,Sholapur,Karmala,Karmala,identity,False,,,,60,2019-01-24,2020-03-19,
Maharashtra,Sholapur,Sholapur,Kurdwadi,Kurdwadi,identity,False,,,,232,2018-01-17,2021-03-23,
Maharashtra,Sholapur,Sholapur,Kurdwadi (Modnimb),Kurdwadi (Modnimb),identity,False,,,,467,2018-01-23,2025-11-03,
Maharashtra,Sholapur,Sholapur,Kurdwadi (Modnimb) APMC,Kurdwadi (Modnimb),apmc_suffix,False,,,,5,2026-02-16,2026-04-02,
Maharashtra,Sholapur,Sholapur,Laxmi Sopan Agriculture Produce Marketing Co Ltd,Laxmi Sopan Agriculture Produce Marketing Co Ltd,identity,False,,,,303,2023-06-29,2025-10-29,
Maharashtra,Sholapur,Sholapur,Laxmi Sopan Agriculture Produce Marketing Co Ltd APMC,Laxmi Sopan Agriculture Produce Marketing Co Ltd,apmc_suffix,False,,,,10,2026-01-23,2026-04-08,
Maharashtra,Sholapur,Sholapur,Mangal Wedha,Mangal Wedha,identity,False,,,,3649,2018-01-01,2025-11-01,
Maharashtra,Sholapur,Sholapur,Mangal Wedha APMC,Mangal Wedha,apmc_suffix,False,,,,76,2025-12-03,2026-04-19,
Maharashtra,Sholapur,Sholapur,Pandharpur,Pandharpur,identity,False,,,,2349,2018-01-01,2025-11-03,
Maharashtra,Sholapur,Sholapur,Pandharpur APMC,Pandharpur,apmc_suffix,False,,,,17,2025-12-04,2026-04-15,
Maharashtra,Sholapur,Sholapur,Solapur,Solapur,identity,False,,,,6112,2018-01-01,2025-11-04,
Maharashtra,Sholapur,Sholapur,Solapur APMC,Solapur,apmc_suffix,False,,,,100,2025-12-05,2026-04-15,
Maharashtra,Thane,Thane,Bhivandi,Bhivandi,identity,False,,,,2,2018-08-11,2025-06-03,
Maharashtra,Thane,Thane,Kalyan,Kalyan,identity,False,,,,5792,2018-01-01,2025-11-03,
Maharashtra,Thane,Thane,Kalyan APMC,Kalyan,apmc_suffix,False,,,,62,2025-12-03,2026-04-17,
Maharashtra,Thane,Thane,Murbad,Murbad,identity,False,,,,257,2018-01-02,2025-07-15,
Maharashtra,Wardha,Wardha,Wardha,Wardha,identity,False,,,,25,2023-06-03,2023-08-31,
Uttar Pradesh,Agra,Agra,Achnera,Achnera,identity,False,,,,6491,2018-01-01,2025-11-02,
Uttar Pradesh,Agra,Agra,Achnera APMC,Achnera,apmc_suffix,False,,,,23,2025-12-03,2026-04-14,
Uttar Pradesh,Agra,Agra,Agra,Agra,identity,False,,,,6962,2018-01-02,2025-11-04,
Uttar Pradesh,Agra,Agra,Agra APMC,Agra,apmc_suffix,False,,,,44,2025-12-02,2026-04-19,
Uttar Pradesh,Agra,Agra,Fatehabad,Fatehabad,identity,False,,,,4439,2018-01-01,2025-11-05,
Uttar Pradesh,Agra,Agra,Fatehabad APMC,Fatehabad,apmc_suffix,False,,,,34,2025-12-06,2026-04-19,
Uttar Pradesh,Agra,Agra,Fatehpur Sikri,Fatehpur Sikri,identity,False,,,,5291,2018-01-01,2025-11-02,
Uttar Pradesh,Agra,Agra,Fatehpur Sikri APMC,Fatehpur Sikri,apmc_suffix,False,,,,5,2026-02-27,2026-04-18,
Uttar Pradesh,Agra,Agra,Jagnair,Jagnair,identity,False,,,,4564,2018-01-01,2025-11-03,
Uttar Pradesh,Agra,Agra,Jagnair APMC,Jagnair,apmc_suffix,False,,,,23,2025-12-07,2026-04-11,
Uttar Pradesh,Agra,Agra,Jarar APMC,Jarar,apmc_suffix_only,False,,,,2,2026-04-15,2026-04-19,
Uttar Pradesh,Agra,Agra,Khairagarh,Khairagarh,identity,False,,,,4533,2018-01-01,2025-11-05,
Uttar Pradesh,Agra,Agra,Khairagarh APMC,Khairagarh,apmc_suffix,False,,,,88,2025-12-03,2026-04-19,
Uttar Pradesh,Agra,Agra,Samsabad,Samsabad,identity,False,,,,5482,2018-01-01,2025-11-05,
Uttar Pradesh,Agra,Agra,Samsabad APMC,Samsabad,apmc_suffix,False,,,,128,2025-12-03,2026-04-20,
Uttar Pradesh,Aligarh,Aligarh,Aligarh,Aligarh,identity,False,,,,7260,2018-01-01,2025-11-04,
Uttar Pradesh,Aligarh,Aligarh,Aligarh APMC,Aligarh,apmc_suffix,False,,,,31,2025-12-04,2026-04-18,
Uttar Pradesh,Aligarh,Aligarh,Atrauli,Atrauli,identity,False,,,,3948,2018-01-01,2025-11-05,
Uttar Pradesh,Aligarh,Aligarh,Atrauli APMC,Atrauli,apmc_suffix,False,,,,32,2025-12-05,2026-04-18,
Uttar Pradesh,Aligarh,Aligarh,Charra,Charra,identity,False,,,,6690,2018-01-01,2025-11-05,
Uttar Pradesh,Aligarh,Aligarh,Charra APMC,Charra,apmc_suffix,False,,,,129,2025-12-03,2026-04-20,
Uttar Pradesh,Aligarh,Aligarh,Khair,Khair,identity,False,,,,6321,2018-01-01,2025-11-05,
Uttar Pradesh,Aligarh,Aligarh,Khair APMC,Khair,apmc_suffix,False,,,,80,2025-12-03,2026-04-18,
Uttar Pradesh,Ambedkarnagar,Ambedkarnagar,Akbarpur,Akbarpur,identity,False,,,,7337,2018-01-01,2025-11-04,
Uttar Pradesh,Ambedkarnagar,Ambedkarnagar,Akbarpur APMC,Akbarpur,apmc_suffix,False,,,,44,2025-12-03,2026-04-10,
Uttar Pradesh,Amethi,Amethi,Jafarganj,Jafarganj,identity,False,,,,6936,2018-01-01,2025-10-15,
Uttar Pradesh,Amethi,Amethi,Jafarganj APMC,Jafarganj,apmc_suffix,False,,,,1,2025-12-26,2025-12-26,
Uttar Pradesh,Amethi,Amethi,Sultanpur,Sultanpur,identity,False,,,,8690,2018-01-01,2025-11-05,
Uttar Pradesh,Amethi,Amethi,Sultanpur APMC,Sultanpur,apmc_suffix,False,,,,4,2026-01-24,2026-02-05,
Uttar Pradesh,Amroha,Amroha,Amroha,Amroha,identity,False,,,,6985,2018-01-01,2025-11-02,
Uttar Pradesh,Amroha,Amroha,Amroha APMC,Amroha,apmc_suffix,False,,,,18,2025-12-04,2026-04-19,
Uttar Pradesh,Amroha,Amroha,Dhanaura,Dhanaura,identity,False,,,,6100,2018-01-01,2025-10-31,
Uttar Pradesh,Amroha,Amroha,Dhanaura APMC,Dhanaura,apmc_suffix,False,,,,66,2025-12-03,2026-04-18,
Uttar Pradesh,Amroha,Amroha,Hasanpur,Hasanpur,identity,False,,,,6419,2018-01-01,2025-11-03,
Uttar Pradesh,Amroha,Amroha,Hasanpur APMC,Hasanpur,apmc_suffix,False,,,,66,2025-12-04,2026-04-20,
Uttar Pradesh,Auraiya,Auraiya,Achalda,Achalda,identity,False,,,,5855,2018-01-18,2025-11-04,
Uttar Pradesh,Auraiya,Auraiya,Achalda APMC,Achalda,apmc_suffix,False,,,,32,2025-12-02,2026-04-07,
Uttar Pradesh,Auraiya,Auraiya,Auraiya,Auraiya,identity,False,,,,7302,2018-01-01,2025-11-04,
Uttar Pradesh,Auraiya,Auraiya,Auraiya APMC,Auraiya,apmc_suffix,False,,,,70,2025-12-03,2026-04-20,
Uttar Pradesh,Auraiya,Auraiya,Dibiapur,Dibiapur,identity,False,,,,3695,2018-01-01,2025-11-03,
Uttar Pradesh,Auraiya,Auraiya,Dibiapur APMC,Dibiapur,apmc_suffix,False,,,,2,2026-02-27,2026-04-11,
Uttar Pradesh,Ayodhya,Ayodhya,Ayodhya APMC,Ayodhya,apmc_suffix_only,False,,,,44,2025-12-04,2026-04-14,
Uttar Pradesh,Ayodhya,Ayodhya,Faizabad,Faizabad,identity,False,,,,8996,2018-01-01,2025-11-03,
Uttar Pradesh,Ayodhya,Ayodhya,Rudauli,Rudauli,identity,False,,,,5816,2018-01-01,2025-11-04,
Uttar Pradesh,Ayodhya,Ayodhya,Rudauli APMC,Rudauli,apmc_suffix,False,,,,9,2026-02-27,2026-04-19,
Uttar Pradesh,Azamgarh,Azamgarh,Azamgarh,Azamgarh,identity,False,,,,7092,2018-01-02,2025-11-03,
Uttar Pradesh,Azamgarh,Azamgarh,Azamgarh APMC,Azamgarh,apmc_suffix,False,,,,26,2025-12-08,2026-01-21,
Uttar Pradesh,Badaun,Badaun,Babrala,Babrala,identity,False,,,,101,2022-06-22,2025-11-05,
Uttar Pradesh,Badaun,Badaun,Babrala APMC,Babrala,apmc_suffix,False,,,,6,2026-01-09,2026-04-18,
Uttar Pradesh,Badaun,Badaun,Badayoun,Badayoun,identity,False,,,,8169,2018-01-02,2025-11-04,
Uttar Pradesh,Badaun,Badaun,Badayoun APMC,Badayoun,apmc_suffix,False,,,,44,2025-12-04,2026-04-18,
Uttar Pradesh,Badaun,Badaun,Bilsi,Bilsi,identity,False,,,,6973,2018-01-01,2025-11-03,
Uttar Pradesh,Badaun,Badaun,Bilsi APMC,Bilsi,apmc_suffix,False,,,,7,2025-12-04,2026-04-13,
Uttar Pradesh,Badaun,Badaun,Islam Nagar APMC,Islam Nagar,apmc_suffix_only,False,,,,6,2025-12-07,2026-01-07,
Uttar Pradesh,Badaun,Badaun,Shahaswan,Shahaswan,identity,False,,,,3368,2018-01-01,2025-11-05,
Uttar Pradesh,Badaun,Badaun,Shahaswan APMC,Shahaswan,apmc_suffix,False,,,,62,2025-12-03,2026-04-18,
Uttar Pradesh,Badaun,Badaun,Ujhani,Ujhani,identity,False,,,,6405,2018-01-01,2025-11-03,
Uttar Pradesh,Badaun,Badaun,Ujhani APMC,Ujhani,apmc_suffix,False,,,,24,2025-12-03,2026-04-19,
Uttar Pradesh,Badaun,Badaun,Bisoli APMC,Visoli,reviewed_merge,False,similar_name_no_overlap,Visoli,Badaun,50,2025-12-03,2026-04-20,merge
Uttar Pradesh,Badaun,Badaun,Visoli,Visoli,identity,False,,,,1395,2018-01-01,2025-11-03,
Uttar Pradesh,Badaun,Badaun,Wazirganj,Wazirganj,identity,False,,,,6557,2018-01-02,2025-11-04,
Uttar Pradesh,Badaun,Badaun,Wazirganj APMC,Wazirganj,apmc_suffix,False,,,,33,2025-12-03,2026-04-19,
Uttar Pradesh,Baghpat,Baghpat,Bagpat,Bagpat,identity,False,,,,2752,2018-01-01,2025-11-01,
Uttar Pradesh,Baghpat,Baghpat,Bagpat APMC,Bagpat,apmc_suffix,False,,,,20,2025-12-09,2026-02-15,
Uttar Pradesh,Baghpat,Baghpat,Baraut,Baraut,identity,False,,,,7413,2018-01-01,2025-11-05,
Uttar Pradesh,Baghpat,Baghpat,Baraut APMC,Baraut,apmc_suffix,False,,,,26,2025-12-04,2026-04-16,
Uttar Pradesh,Baghpat,Baghpat,Khekda,Khekda,identity,False,,,,4447,2018-01-01,2025-11-03,
Uttar Pradesh,Baghpat,Baghpat,Khekda APMC,Khekda,apmc_suffix,False,,,,60,2025-12-10,2026-04-19,
Uttar Pradesh,Bahraich,Bahraich,Bahraich,Bahraich,identity,False,,,,7437,2018-01-01,2025-11-04,
Uttar Pradesh,Bahraich,Bahraich,Bahraich APMC,Bahraich,apmc_suffix,False,,,,37,2025-12-25,2026-04-13,
Uttar Pradesh,Bahraich,Bahraich,Mihipurwa APMC,Mihipurwa,apmc_suffix_only,False,,,,1,2026-04-17,2026-04-17,
Uttar Pradesh,Bahraich,Bahraich,Naanpara,Naanpara,identity,False,,,,6411,2018-01-01,2025-11-04,
Uttar Pradesh,Bahraich,Bahraich,Naanpara APMC,Naanpara,apmc_suffix,False,,,,54,2025-12-09,2026-04-09,
Uttar Pradesh,Ballia,Ballia,Ballia,Ballia,identity,False,,,,6661,2018-01-01,2025-11-04,
Uttar Pradesh,Ballia,Ballia,Ballia APMC,Ballia,apmc_suffix,False,,,,1,2026-02-27,2026-02-27,
Uttar Pradesh,Ballia,Ballia,Chitwadagaon,Chitwadagaon,identity,False,,,,4413,2018-01-01,2025-11-04,
Uttar Pradesh,Ballia,Ballia,Chitwadagaon APMC,Chitwadagaon,apmc_suffix,False,,,,24,2025-12-05,2026-04-01,
Uttar Pradesh,Ballia,Ballia,Rasda,Rasda,identity,False,,,,5503,2018-01-02,2025-11-01,
Uttar Pradesh,Ballia,Ballia,Rasda APMC,Rasda,apmc_suffix,False,,,,31,2025-12-04,2026-02-27,
Uttar Pradesh,Ballia,Ballia,Vilthararoad,Vilthararoad,identity,False,,,,2825,2018-01-01,2025-11-03,
Uttar Pradesh,Balrampur,Balrampur,Balrampur,Balrampur,identity,False,,,,5777,2018-01-01,2025-11-04,
Uttar Pradesh,Balrampur,Balrampur,Balrampur APMC,Balrampur,apmc_suffix,False,,,,42,2025-12-12,2026-04-18,
Uttar Pradesh,Balrampur,Balrampur,Panchpedwa,Panchpedwa,identity,False,,,,1791,2018-10-03,2025-11-03,
Uttar Pradesh,Balrampur,Balrampur,Panchpedwa APMC,Panchpedwa,apmc_suffix,False,,,,55,2025-12-04,2026-03-10,
Uttar Pradesh,Balrampur,Balrampur,Tulsipur,Tulsipur,identity,False,,,,6128,2018-12-14,2025-11-05,
Uttar Pradesh,Balrampur,Balrampur,Tulsipur APMC,Tulsipur,apmc_suffix,False,,,,123,2025-12-04,2026-04-20,
Uttar Pradesh,Balrampur,Balrampur,Utraula APMC,Utraula,apmc_suffix_only,False,,,,1,2026-04-15,2026-04-15,
Uttar Pradesh,Banda,Banda,Atarra,Atarra,identity,False,,,,6566,2018-01-01,2025-10-16,
Uttar Pradesh,Banda,Banda,Atarra APMC,Atarra,apmc_suffix,False,,,,1,2026-04-17,2026-04-17,
Uttar Pradesh,Banda,Banda,Baberu,Baberu,identity,False,,,,4153,2018-01-01,2024-01-04,
Uttar Pradesh,Banda,Banda,Banda,Banda,identity,False,,,,7181,2018-01-01,2025-11-02,
Uttar Pradesh,Banda,Banda,Banda APMC,Banda,apmc_suffix,False,,,,29,2025-12-04,2026-04-14,
Uttar Pradesh,Barabanki,Barabanki,Barabanki,Barabanki,identity,False,,,,7217,2018-01-01,2025-11-04,
Uttar Pradesh,Barabanki,Barabanki,Barabanki APMC,Barabanki,apmc_suffix,False,,,,63,2025-12-03,2026-04-20,
Uttar Pradesh,Barabanki,Barabanki,Safdarganj,Safdarganj,identity,False,,,,7089,2018-01-01,2025-11-01,
Uttar Pradesh,Barabanki,Barabanki,Safdarganj APMC,Safdarganj,apmc_suffix,False,,,,99,2025-12-03,2026-04-18,
Uttar Pradesh,Bareilly,Bareilly,Anwala,Anwala,identity,False,,,,7718,2018-01-01,2025-11-04,
Uttar Pradesh,Bareilly,Bareilly,Anwala APMC,Anwala,apmc_suffix,False,,,,97,2025-12-03,2026-04-18,
Uttar Pradesh,Bareilly,Bareilly,Bahedi,Bahedi,identity,False,,,,4817,2018-01-01,2025-10-13,
Uttar Pradesh,Bareilly,Bareilly,Baheri APMC,Bahedi,reviewed_merge,False,similar_name_no_overlap,Bahedi,Bareilly,1,2026-02-27,2026-02-27,merge
Uttar Pradesh,Bareilly,Bareilly,Bareilly,Bareilly,identity,False,,,,8332,2018-01-01,2025-11-04,
Uttar Pradesh,Bareilly,Bareilly,Bareilly APMC,Bareilly,apmc_suffix,False,,,,14,2025-12-07,2026-04-13,
Uttar Pradesh,Basti,Basti,Basti,Basti,identity,False,,,,7763,2018-01-01,2025-11-04,
Uttar Pradesh,Basti,Basti,Basti APMC,Basti,apmc_suffix,False,,,,50,2025-12-04,2026-04-17,
Uttar Pradesh,Bhadohi (Sant Ravi Nagar),Bhadohi (Sant Ravi Nagar),Gopiganj,Gopiganj,identity,False,,,,5115,2018-01-01,2025-11-04,
Uttar Pradesh,Bhadohi (Sant Ravi Nagar),Bhadohi (Sant Ravi Nagar),Gopiganj APMC,Gopiganj,apmc_suffix,False,,,,40,2025-12-03,2026-02-27,
Uttar Pradesh,Bijnor,Bijnor,Bijnaur,Bijnaur,identity,False,,,,6867,2018-01-01,2025-11-05,
Uttar Pradesh,Bijnor,Bijnor,Bijnaur APMC,Bijnaur,apmc_suffix,False,,,,2,2025-12-06,2026-04-18,
Uttar Pradesh,Bijnor,Bijnor,Chaandpur,Chaandpur,identity,False,,,,6508,2018-01-01,2025-11-03,
Uttar Pradesh,Bijnor,Bijnor,Chaandpur APMC,Chaandpur,apmc_suffix,False,,,,5,2026-02-27,2026-04-15,
Uttar Pradesh,Bijnor,Bijnor,Dhampur APMC,Dhampur,apmc_suffix_only,False,,,,3,2026-04-06,2026-04-17,
Uttar Pradesh,Bijnor,Bijnor,Kiratpur,Kiratpur,identity,False,,,,4486,2018-01-01,2025-11-04,
Uttar Pradesh,Bijnor,Bijnor,Kiratpur APMC,Kiratpur,apmc_suffix,False,,,,62,2025-12-04,2026-04-20,
Uttar Pradesh,Bijnor,Bijnor,Nagina,Nagina,identity,False,,,,3563,2018-01-01,2025-10-12,
Uttar Pradesh,Bijnor,Bijnor,Nagina APMC,Nagina,apmc_suffix,False,,,,1,2026-02-27,2026-02-27,
Uttar Pradesh,Bijnor,Bijnor,Najibabad,Najibabad,identity,False,,,,4761,2018-01-01,2025-10-31,
Uttar Pradesh,Bijnor,Bijnor,Najibabad APMC,Najibabad,apmc_suffix,False,,,,5,2026-04-06,2026-04-20,
Uttar Pradesh,Bulandshahar,Bulandshahar,Anoop Shahar,Anoop Shahar,identity,False,,,,6337,2018-01-01,2025-11-05,
Uttar Pradesh,Bulandshahar,Bulandshahar,Anoop Shahar APMC,Anoop Shahar,apmc_suffix,False,,,,125,2025-12-03,2026-04-20,
Uttar Pradesh,Bulandshahar,Bulandshahar,Buland Shahr,Buland Shahr,identity,False,,,,6633,2018-01-02,2025-11-04,
Uttar Pradesh,Bulandshahar,Bulandshahar,Buland Shahr APMC,Buland Shahr,apmc_suffix,False,,,,41,2025-12-04,2026-04-15,
Uttar Pradesh,Bulandshahar,Bulandshahar,Divai,Divai,identity,False,,,,4381,2018-01-01,2025-11-02,
Uttar Pradesh,Bulandshahar,Bulandshahar,Divai APMC,Divai,apmc_suffix,False,,,,6,2026-04-08,2026-04-16,
Uttar Pradesh,Bulandshahar,Bulandshahar,Gulavati,Gulavati,identity,False,,,,6017,2018-01-01,2025-11-05,
Uttar Pradesh,Bulandshahar,Bulandshahar,Gulavati APMC,Gulavati,apmc_suffix,False,,,,94,2025-12-03,2026-04-20,
Uttar Pradesh,Bulandshahar,Bulandshahar,Jahangirabad,Jahangirabad,identity,False,,,,6566,2018-01-02,2025-11-04,
Uttar Pradesh,Bulandshahar,Bulandshahar,Jahangirabad APMC,Jahangirabad,apmc_suffix,False,,,,48,2025-12-03,2026-04-20,
Uttar Pradesh,Bulandshahar,Bulandshahar,Khurja,Khurja,identity,False,,,,6502,2018-01-02,2025-11-03,
Uttar Pradesh,Bulandshahar,Bulandshahar,Khurja APMC,Khurja,apmc_suffix,False,,,,36,2025-12-05,2026-04-15,
Uttar Pradesh,Bulandshahar,Bulandshahar,Sikanderabad,Sikanderabad,identity,False,,,,4944,2018-01-02,2025-11-05,
Uttar Pradesh,Bulandshahar,Bulandshahar,Sikanderabad APMC,Sikanderabad,apmc_suffix,False,,,,49,2025-12-05,2026-04-19,
Uttar Pradesh,Bulandshahar,Bulandshahar,Sikarpur,Sikarpur,identity,False,,,,5811,2018-01-01,2025-11-05,
Uttar Pradesh,Bulandshahar,Bulandshahar,Sikarpur APMC,Sikarpur,apmc_suffix,False,,,,108,2025-12-03,2026-04-18,
Uttar Pradesh,Bulandshahar,Bulandshahar,Siyana,Siyana,identity,False,,,,7093,2018-01-01,2025-11-02,
Uttar Pradesh,Bulandshahar,Bulandshahar,Siyana APMC,Siyana,apmc_suffix,False,,,,78,2025-12-06,2026-04-17,
Uttar Pradesh,Chandauli,Chandauli,Chandoli,Chandoli,identity,False,,,,7699,2018-01-02,2025-11-04,
Uttar Pradesh,Chandauli,Chandauli,Chandoli APMC,Chandoli,apmc_suffix,False,,,,7,2025-12-04,2026-01-09,
Uttar Pradesh,Chitrakut,Chitrakut,Karvi,Karvi,identity,False,,,,7246,2018-01-01,2025-11-04,
Uttar Pradesh,Chitrakut,Chitrakut,Karvi APMC,Karvi,apmc_suffix,False,,,,120,2025-12-03,2026-04-19,
Uttar Pradesh,Deoria,Deoria,Barhaj,Barhaj,identity,False,,,,4727,2018-01-06,2024-01-06,
Uttar Pradesh,Deoria,Deoria,Devariya,Devariya,identity,False,,,,6373,2018-01-01,2025-11-03,
Uttar Pradesh,Deoria,Deoria,Devariya APMC,Devariya,apmc_suffix,False,,,,5,2025-12-06,2026-02-27,
Uttar Pradesh,Etah,Etah,Aliganj,Aliganj,identity,False,,,,1619,2018-01-01,2020-07-02,
Uttar Pradesh,Etah,Etah,Aliganj APMC,Aliganj,apmc_suffix,False,,,,9,2026-02-27,2026-04-18,
Uttar Pradesh,Etah,Etah,Awagarh,Awagarh,identity,False,,,,5247,2018-01-01,2025-11-04,
Uttar Pradesh,Etah,Etah,Awagarh APMC,Awagarh,apmc_suffix,False,,,,38,2025-12-03,2026-04-18,
Uttar Pradesh,Etah,Etah,Etah,Etah,identity,False,,,,7178,2018-01-02,2025-11-02,
Uttar Pradesh,Etah,Etah,Etah APMC,Etah,apmc_suffix,False,,,,10,2026-01-13,2026-04-13,
Uttar Pradesh,Etawah,Etawah,Bharthna,Bharthna,identity,False,,,,7092,2018-01-01,2025-11-03,
Uttar Pradesh,Etawah,Etawah,Bharthna APMC,Bharthna,apmc_suffix,False,,,,37,2025-12-03,2026-04-19,
Uttar Pradesh,Etawah,Etawah,Etawah,Etawah,identity,False,,,,7236,2018-01-01,2025-11-04,
Uttar Pradesh,Etawah,Etawah,Etawah APMC,Etawah,apmc_suffix,False,,,,38,2025-12-03,2026-04-20,
Uttar Pradesh,Etawah,Etawah,Jasvantnagar,Jasvantnagar,identity,False,,,,6633,2018-01-01,2025-11-05,
Uttar Pradesh,Etawah,Etawah,Jasvantnagar APMC,Jasvantnagar,apmc_suffix,False,,,,145,2025-12-04,2026-04-19,
Uttar Pradesh,Farukhabad,Farukhabad,Farukhabad,Farukhabad,identity,False,,,,7346,2018-01-01,2025-11-05,
Uttar Pradesh,Farukhabad,Farukhabad,Farukhabad APMC,Farukhabad,apmc_suffix,False,,,,61,2025-12-04,2026-04-20,
Uttar Pradesh,Farukhabad,Farukhabad,Kamlaganj,Kamlaganj,identity,False,,,,4859,2018-06-27,2025-11-03,
Uttar Pradesh,Farukhabad,Farukhabad,Kamlaganj APMC,Kamlaganj,apmc_suffix,False,,,,52,2025-12-14,2026-04-20,
Uttar Pradesh,Farukhabad,Farukhabad,Kayamganj,Kayamganj,identity,False,,,,7059,2018-01-01,2025-11-03,
Uttar Pradesh,Farukhabad,Farukhabad,Kayamganj APMC,Kayamganj,apmc_suffix,False,,,,91,2025-12-05,2026-04-20,
Uttar Pradesh,Farukhabad,Farukhabad,Mohamadabad,Mohamadabad,identity,False,,,,3917,2018-03-09,2025-11-03,
Uttar Pradesh,Farukhabad,Farukhabad,Mohamadabad APMC,Mohamadabad,apmc_suffix,False,,,,42,2025-12-09,2026-04-19,
Uttar Pradesh,Fatehpur,Fatehpur,Bindki,Bindki,identity,False,,,,6946,2018-01-01,2025-10-31,
Uttar Pradesh,Fatehpur,Fatehpur,Bindki APMC,Bindki,apmc_suffix,False,,,,16,2025-12-09,2026-04-16,
Uttar Pradesh,Fatehpur,Fatehpur,Fatehpur,Fatehpur,identity,False,,,,7337,2018-01-01,2025-11-05,
Uttar Pradesh,Fatehpur,Fatehpur,Fatehpur APMC,Fatehpur,apmc_suffix,False,,,,46,2025-12-11,2026-04-19,
Uttar Pradesh,Fatehpur,Fatehpur,Jahanabad,Jahanabad,identity,False,,,,1631,2018-01-02,2025-09-26,
Uttar Pradesh,Fatehpur,Fatehpur,Jahanabad APMC,Jahanabad,apmc_suffix,False,,,,1,2026-04-14,2026-04-14,
Uttar Pradesh,Fatehpur,Fatehpur,Khaga,Khaga,identity,False,,,,4932,2018-01-15,2025-11-04,
Uttar Pradesh,Fatehpur,Fatehpur,Khaga APMC,Khaga,apmc_suffix,False,,,,14,2025-12-03,2026-04-10,
Uttar Pradesh,Fatehpur,Fatehpur,Kishunpur,Kishunpur,identity,False,,,,21,2021-07-31,2024-04-12,
Uttar Pradesh,Firozabad,Firozabad,Firozabad,Firozabad,identity,False,,,,7083,2018-01-01,2025-11-04,
Uttar Pradesh,Firozabad,Firozabad,Firozabad APMC,Firozabad,apmc_suffix,False,,,,49,2025-12-05,2026-04-18,
Uttar Pradesh,Firozabad,Firozabad,Shikohabad,Shikohabad,identity,False,,,,4519,2018-01-02,2025-10-06,
Uttar Pradesh,Firozabad,Firozabad,Shikohabad APMC,Shikohabad,apmc_suffix,False,,,,10,2026-03-02,2026-04-18,
Uttar Pradesh,Firozabad,Firozabad,Sirsaganj,Sirsaganj,identity,False,,,,5954,2018-01-01,2025-11-03,
Uttar Pradesh,Firozabad,Firozabad,Sirsaganj APMC,Sirsaganj,apmc_suffix,False,,,,6,2026-04-01,2026-04-18,
Uttar Pradesh,Firozabad,Firozabad,Tundla,Tundla,identity,False,,,,6310,2018-01-01,2025-11-03,
Uttar Pradesh,Firozabad,Firozabad,Tundla APMC,Tundla,apmc_suffix,False,,,,5,2026-04-02,2026-04-19,
Uttar Pradesh,Gautam Budh Nagar,Gautam Budh Nagar,Dadri,Dadri,identity,False,,,,8331,2018-01-02,2025-11-04,
Uttar Pradesh,Gautam Budh Nagar,Gautam Budh Nagar,Dadri APMC,Dadri,apmc_suffix,False,,,,24,2025-12-06,2026-04-04,
Uttar Pradesh,Gautam Budh Nagar,Gautam Budh Nagar,Dankaur,Dankaur,identity,False,,,,3894,2019-06-17,2025-11-02,
Uttar Pradesh,Gautam Budh Nagar,Gautam Budh Nagar,Dankaur APMC,Dankaur,apmc_suffix,False,,,,7,2025-11-30,2026-01-10,
Uttar Pradesh,Gautam Budh Nagar,Gautam Budh Nagar,Jewar APMC,Jewar,apmc_suffix_only,False,,,,1,2026-02-27,2026-02-27,
Uttar Pradesh,Ghaziabad,Ghaziabad,Ghaziabad,Ghaziabad,identity,False,,,,8056,2018-01-01,2025-11-04,
Uttar Pradesh,Ghaziabad,Ghaziabad,Ghaziabad APMC,Ghaziabad,apmc_suffix,False,,,,16,2025-12-05,2026-04-18,
Uttar Pradesh,Ghaziabad,Ghaziabad,Hapur,Hapur,identity,False,,,,6729,2018-01-02,2025-11-05,
Uttar Pradesh,Ghaziabad,Ghaziabad,Hapur APMC,Hapur,apmc_suffix,False,,,,25,2025-12-02,2026-04-19,
Uttar Pradesh,Ghaziabad,Ghaziabad,Muradnagar,Muradnagar,identity,False,,,,3366,2018-01-01,2025-11-04,
Uttar Pradesh,Ghaziabad,Ghaziabad,Muradnagar APMC,Muradnagar,apmc_suffix,False,,,,4,2026-02-27,2026-04-17,
Uttar Pradesh,Ghaziabad,Ghaziabad,Noida,Noida,identity,False,,,,6456,2018-01-01,2025-11-03,
Uttar Pradesh,Ghaziabad,Ghaziabad,Noida APMC,Noida,apmc_suffix,False,,,,35,2025-12-05,2026-04-17,
Uttar Pradesh,Ghazipur,Ghazipur,Gazipur,Gazipur,identity,False,,,,1212,2024-05-01,2025-11-04,
Uttar Pradesh,Ghazipur,Ghazipur,Gazipur APMC,Gazipur,apmc_suffix,False,,,,40,2025-11-29,2026-01-13,
Uttar Pradesh,Hapur,Ghazipur,Gazipur,Gazipur (ex-Hapur),district_corrected,False,,,,5553,2018-01-01,2024-05-14,keep_separate
Uttar Pradesh,Ghazipur,Ghazipur,Jamanian,Jamanian,identity,False,,,,15,2025-06-21,2025-10-30,
Uttar Pradesh,Hapur,Ghazipur,Jamanian,Jamanian,district_corrected+reviewed_merge,False,,,,158,2018-01-08,2023-05-30,merge
Uttar Pradesh,Ghazipur,Ghazipur,Jamanian APMC,Jamanian,apmc_suffix,False,,,,10,2025-12-05,2026-04-05,
Uttar Pradesh,Ghazipur,Ghazipur,Jangipura,Jangipura,identity,False,,,,32,2025-02-28,2025-10-17,
Uttar Pradesh,Hapur,Ghazipur,Jangipura,Jangipura,district_corrected+reviewed_merge,False,,,,4318,2018-01-01,2024-04-26,merge
Uttar Pradesh,Ghazipur,Ghazipur,Jangipura APMC,Jangipura,apmc_suffix,False,,,,6,2026-02-27,2026-04-17,
Uttar Pradesh,Ghazipur,Ghazipur,Yusufpur,Yusufpur,identity,False,,,,58,2024-05-09,2025-11-03,
Uttar Pradesh,Ghazipur,Ghazipur,Yusufpur APMC,Yusufpur,apmc_suffix,False,,,,2,2026-04-01,2026-04-08,
Uttar Pradesh,Hapur,Ghazipur,Yusufpur,Yusufpur (ex-Hapur),district_corrected,False,,,,773,2018-03-16,2024-05-09,keep_separate
Uttar Pradesh,Gonda,Gonda,Gonda,Gonda,identity,False,,,,7558,2018-01-01,2025-11-05,
Uttar Pradesh,Gonda,Gonda,Gonda APMC,Gonda,apmc_suffix,False,,,,25,2025-12-25,2026-02-27,
Uttar Pradesh,Gonda,Gonda,Karnailganj,Karnailganj,identity,False,,,,1656,2018-01-01,2025-10-31,
Uttar Pradesh,Gonda,Gonda,Nawabganj,Nawabganj,identity,False,,,,6642,2018-01-01,2025-11-01,
Uttar Pradesh,Gonda,Gonda,Nawabganj APMC,Nawabganj,apmc_suffix,False,,,,46,2025-12-03,2026-04-20,
Uttar Pradesh,Gorakhpur,Gorakhpur,Chorichora,Chorichora,identity,False,,,,5497,2018-01-01,2025-11-04,
Uttar Pradesh,Gorakhpur,Gorakhpur,Gorakhpur,Gorakhpur,identity,False,,,,6788,2018-01-01,2025-11-01,
Uttar Pradesh,Gorakhpur,Gorakhpur,Gorakhpur APMC,Gorakhpur,apmc_suffix,False,,,,41,2025-12-04,2026-04-20,
Uttar Pradesh,Gorakhpur,Gorakhpur,Sehjanwa,Sehjanwa,identity,False,,,,5472,2018-01-01,2025-11-04,
Uttar Pradesh,Hamirpur,Hamirpur,Bharuasumerpur,Bharuasumerpur,identity,False,,,,6591,2018-01-01,2025-11-03,
Uttar Pradesh,Hamirpur,Hamirpur,Bharuasumerpur APMC,Bharuasumerpur,apmc_suffix,False,,,,24,2025-12-04,2026-03-28,
Uttar Pradesh,Hamirpur,Hamirpur,Hamirpur,Hamirpur,identity,False,,,,443,2018-01-17,2022-08-26,
Uttar Pradesh,Hamirpur,Hamirpur,Kurara,Kurara,identity,False,,,,8,2018-08-25,2018-12-16,
Uttar Pradesh,Hamirpur,Hamirpur,Maudaha,Maudaha,identity,False,,,,5847,2018-01-03,2024-10-07,
Uttar Pradesh,Hamirpur,Hamirpur,Maudaha APMC,Maudaha,apmc_suffix,False,,,,2,2026-04-05,2026-04-19,
Uttar Pradesh,Hamirpur,Hamirpur,Muskara,Muskara,identity,False,,,,7025,2018-01-07,2025-11-05,
Uttar Pradesh,Hamirpur,Hamirpur,Muskara APMC,Muskara,apmc_suffix,False,,,,29,2025-12-05,2026-01-16,
Uttar Pradesh,Hamirpur,Hamirpur,Raath,Raath,identity,False,,,,4850,2018-01-01,2023-10-21,
Uttar Pradesh,Hamirpur,Hamirpur,Raath APMC,Raath,apmc_suffix,False,,,,1,2026-04-01,2026-04-01,
Uttar Pradesh,Hardoi,Hardoi,Hardoi,Hardoi,identity,False,,,,7130,2018-01-01,2025-11-05,
Uttar Pradesh,Hardoi,Hardoi,Hardoi APMC,Hardoi,apmc_suffix,False,,,,21,2025-12-07,2026-04-17,
Uttar Pradesh,Hardoi,Hardoi,Madhoganj,Madhoganj,identity,False,,,,7367,2018-01-01,2025-11-03,
Uttar Pradesh,Hardoi,Hardoi,Madhoganj APMC,Madhoganj,apmc_suffix,False,,,,16,2025-12-04,2026-03-02,
Uttar Pradesh,Hardoi,Hardoi,Sandi,Sandi,identity,False,,,,3206,2018-01-01,2025-11-04,
Uttar Pradesh,Hardoi,Hardoi,Sandi APMC,Sandi,apmc_suffix,False,,,,23,2025-12-05,2026-04-03,
Uttar Pradesh,Hardoi,Hardoi,Sandila,Sandila,identity,False,,,,6003,2018-01-17,2025-11-04,
Uttar Pradesh,Hardoi,Hardoi,Sandila APMC,Sandila,apmc_suffix,False,,,,19,2025-11-30,2026-04-03,
Uttar Pradesh,Hardoi,Hardoi,Shahabad (New Mandi),Shahabad (New Mandi),identity,False,,,,4030,2018-01-01,2025-11-04,
Uttar Pradesh,Hardoi,Hardoi,Shahabad (New Mandi) APMC,Shahabad (New Mandi),apmc_suffix,False,,,,8,2026-02-27,2026-04-17,
Uttar Pradesh,Hathras,Hathras,Haathras,Haathras,identity,False,,,,6690,2018-01-01,2025-11-05,
Uttar Pradesh,Hathras,Hathras,Haathras APMC,Haathras,apmc_suffix,False,,,,38,2025-12-05,2026-04-19,
Uttar Pradesh,Hathras,Hathras,Shadabad,Shadabad,identity,False,,,,7143,2018-01-01,2025-11-06,
Uttar Pradesh,Hathras,Hathras,Shadabad APMC,Shadabad,apmc_suffix,False,,,,157,2025-12-03,2026-04-20,
Uttar Pradesh,Hathras,Hathras,Sikandraraau,Sikandraraau,identity,False,,,,1226,2018-01-24,2025-11-05,
Uttar Pradesh,Hathras,Hathras,Sikandraraau APMC,Sikandraraau,apmc_suffix,False,,,,34,2025-12-06,2026-04-19,
Uttar Pradesh,Jalaun (Orai),Jalaun (Orai),Ait,Ait,identity,False,,,,1,2020-08-27,2020-08-27,
Uttar Pradesh,Jalaun (Orai),Jalaun (Orai),Jalaun,Jalaun,identity,False,,,,6735,2018-01-02,2025-11-05,
Uttar Pradesh,Jalaun (Orai),Jalaun (Orai),Jalaun APMC,Jalaun,apmc_suffix,False,,,,34,2025-12-03,2026-04-18,
Uttar Pradesh,Jalaun (Orai),Jalaun (Orai),Kalpi APMC,Kalpi,apmc_suffix_only,False,,,,2,2026-04-03,2026-04-14,
Uttar Pradesh,Jalaun (Orai),Jalaun (Orai),Konch,Konch,identity,False,,,,6018,2018-01-01,2025-10-16,
Uttar Pradesh,Jalaun (Orai),Jalaun (Orai),Konch APMC,Konch,apmc_suffix,False,,,,14,2026-01-06,2026-04-14,
Uttar Pradesh,Jalaun (Orai),Jalaun (Orai),Orai,Orai,identity,False,,,,6844,2018-01-01,2025-11-02,
Uttar Pradesh,Jalaun (Orai),Jalaun (Orai),Orai APMC,Orai,apmc_suffix,False,,,,3,2025-12-26,2026-04-18,
Uttar Pradesh,Jaunpur,Jaunpur,Jaunpur,Jaunpur,identity,False,,,,6640,2018-01-01,2025-11-05,
Uttar Pradesh,Jaunpur,Jaunpur,Jaunpur APMC,Jaunpur,apmc_suffix,False,,,,57,2025-12-04,2026-04-20,
Uttar Pradesh,Jaunpur,Jaunpur,Mugrabaadshahpur,Mugrabaadshahpur,identity,False,,,,6612,2018-02-16,2025-11-05,
Uttar Pradesh,Jaunpur,Jaunpur,Mugrabaadshahpur APMC,Mugrabaadshahpur,apmc_suffix,False,,,,10,2025-12-04,2026-01-16,
Uttar Pradesh,Jaunpur,Jaunpur,Shahganj,Shahganj,identity,False,,,,6807,2018-01-01,2025-11-04,
Uttar Pradesh,Jaunpur,Jaunpur,Shahganj APMC,Shahganj,apmc_suffix,False,,,,7,2025-12-05,2026-01-09,
Uttar Pradesh,Jhansi,Jhansi,Chirgaon,Chirgaon,identity,False,,,,5809,2018-01-09,2025-11-04,
Uttar Pradesh,Jhansi,Jhansi,Gurusarai,Gurusarai,identity,False,,,,5848,2018-01-01,2025-11-02,
Uttar Pradesh,Jhansi,Jhansi,Gurusarai APMC,Gurusarai,apmc_suffix,False,,,,11,2025-12-06,2026-01-15,
Uttar Pradesh,Jhansi,Jhansi,Jhansi,Jhansi,identity,False,,,,6783,2018-01-03,2025-11-04,
Uttar Pradesh,Jhansi,Jhansi,Jhansi APMC,Jhansi,apmc_suffix,False,,,,18,2026-02-21,2026-04-19,
Uttar Pradesh,Jhansi,Jhansi,Mauranipur,Mauranipur,identity,False,,,,7093,2018-01-02,2025-11-04,
Uttar Pradesh,Jhansi,Jhansi,Mauranipur APMC,Mauranipur,apmc_suffix,False,,,,15,2025-12-06,2026-04-02,
Uttar Pradesh,Jhansi,Jhansi,Moth,Moth,identity,False,,,,7275,2018-01-12,2025-11-04,
Uttar Pradesh,Jhansi,Jhansi,Moth APMC,Moth,apmc_suffix,False,,,,1,2025-12-03,2025-12-03,
Uttar Pradesh,Kannuj,Kannuj,Chhibramau,Chhibramau,identity,False,,,,5688,2018-01-01,2025-11-02,
Uttar Pradesh,Kannuj,Kannuj,Chhibramau APMC,Chhibramau,apmc_suffix,False,,,,54,2025-12-04,2026-04-19,
Uttar Pradesh,Kannuj,Kannuj,Kannauj,Kannauj,identity,False,,,,6968,2018-01-01,2025-11-03,
Uttar Pradesh,Kannuj,Kannuj,Kannauj APMC,Kannauj,apmc_suffix,False,,,,48,2025-12-04,2026-04-20,
Uttar Pradesh,Kanpur,Kanpur,Choubepur,Choubepur,identity,False,,,,6911,2018-01-01,2025-11-04,
Uttar Pradesh,Kanpur,Kanpur,Choubepur APMC,Choubepur,apmc_suffix,False,,,,10,2025-12-11,2026-04-19,
Uttar Pradesh,Kanpur,Kanpur,Kanpur (Grain),Kanpur (Grain),identity,False,,,,6933,2018-01-01,2025-11-04,
Uttar Pradesh,Kanpur,Kanpur,Kanpur (Grain) APMC,Kanpur (Grain),apmc_suffix,False,,,,31,2025-12-04,2026-04-19,
Uttar Pradesh,Kanpur,Kanpur,Uttaripura,Uttaripura,identity,False,,,,4081,2018-01-01,2025-11-04,
Uttar Pradesh,Kanpur,Kanpur,Uttaripura APMC,Uttaripura,apmc_suffix,False,,,,16,2025-12-08,2026-04-09,
Uttar Pradesh,Kanpur,Kanpur,Varipaal,Varipaal,identity,False,,,,3863,2018-01-02,2025-10-31,
Uttar Pradesh,Kanpur,Kanpur,Varipaal APMC,Varipaal,apmc_suffix,False,,,,72,2025-12-07,2026-04-19,
Uttar Pradesh,Kanpur Dehat,Kanpur Dehat,Jhijhank,Jhijhank,identity,False,,,,5339,2018-02-21,2025-11-03,
Uttar Pradesh,Kanpur Dehat,Kanpur Dehat,Pukharayan,Pukharayan,identity,False,,,,7674,2018-01-02,2025-11-05,
Uttar Pradesh,Kanpur Dehat,Kanpur Dehat,Pukharayan APMC,Pukharayan,apmc_suffix,False,,,,113,2025-12-03,2026-04-18,
Uttar Pradesh,Kanpur Dehat,Kanpur Dehat,Rura,Rura,identity,False,,,,4473,2018-01-01,2025-11-04,
Uttar Pradesh,Kanpur Dehat,Kanpur Dehat,Rura APMC,Rura,apmc_suffix,False,,,,25,2025-12-09,2026-03-23,
Uttar Pradesh,Kasganj,Kasganj,Kasganj,Kasganj,identity,False,,,,6545,2018-01-02,2025-11-05,
Uttar Pradesh,Kasganj,Kasganj,Kasganj APMC,Kasganj,apmc_suffix,False,,,,18,2026-01-04,2026-04-19,
Uttar Pradesh,Kaushambi,Kaushambi,Bharwari,Bharwari,identity,False,,,,2520,2019-01-17,2025-10-18,
Uttar Pradesh,Kaushambi,Kaushambi,Bharwari APMC,Bharwari,apmc_suffix,False,,,,5,2026-01-30,2026-03-23,
Uttar Pradesh,Kaushambi,Kaushambi,Manjhanpur,Manjhanpur,identity,False,,,,1342,2024-05-25,2025-11-03,
Uttar Pradesh,Kaushambi,Kaushambi,Manjhanpur APMC,Manjhanpur,apmc_suffix,False,,,,47,2025-12-05,2026-04-04,
Uttar Pradesh,Khiri (Lakhimpur),Khiri (Lakhimpur),Maigalganj,Maigalganj,identity,False,,,,4897,2018-01-01,2025-11-06,
Uttar Pradesh,Khiri (Lakhimpur),Khiri (Lakhimpur),Maigalganj APMC,Maigalganj,apmc_suffix,False,,,,37,2025-12-07,2026-04-20,
Uttar Pradesh,Khiri (Lakhimpur),Khiri (Lakhimpur),Mohammdi,Mohammdi,identity,False,,,,4857,2018-11-06,2025-11-03,
Uttar Pradesh,Khiri (Lakhimpur),Khiri (Lakhimpur),Mohammdi APMC,Mohammdi,apmc_suffix,False,,,,38,2025-12-04,2026-04-19,
Uttar Pradesh,Khiri (Lakhimpur),Khiri (Lakhimpur),Tikonia,Tikonia,identity,False,,,,2719,2018-01-05,2025-10-27,
Uttar Pradesh,Khiri (Lakhimpur),Khiri (Lakhimpur),Tikonia APMC,Tikonia,apmc_suffix,False,,,,7,2025-12-31,2026-04-12,
Uttar Pradesh,Kushinagar,Kushinagar,Kushinagar APMC,Kushinagar,apmc_suffix_only,False,,,,1,2026-04-13,2026-04-13,
Uttar Pradesh,Kushinagar,Kushinagar,Tamkuhi road,Tamkuhi road,identity,False,,,,4273,2018-01-01,2025-11-03,
Uttar Pradesh,Lakhimpur,Lakhimpur,Golagokarnath,Golagokarnath,identity,False,,,,7188,2018-01-01,2025-11-04,
Uttar Pradesh,Lakhimpur,Lakhimpur,Golagokarnath APMC,Golagokarnath,apmc_suffix,False,,,,40,2025-12-03,2026-04-20,
Uttar Pradesh,Lakhimpur,Lakhimpur,Lakhimpur,Lakhimpur,identity,False,,,,7882,2018-01-01,2025-11-04,
Uttar Pradesh,Lakhimpur,Lakhimpur,Lakhimpur APMC,Lakhimpur,apmc_suffix,False,,,,58,2025-12-03,2026-04-20,
Uttar Pradesh,Lakhimpur,Lakhimpur,Paliakala,Paliakala,identity,False,,,,4788,2018-01-01,2025-11-03,
Uttar Pradesh,Lakhimpur,Lakhimpur,Paliakala APMC,Paliakala,apmc_suffix,False,,,,32,2025-12-09,2026-04-19,
Uttar Pradesh,Lalitpur,Lalitpur,Lalitpur,Lalitpur,identity,False,,,,6649,2018-01-01,2025-11-04,
Uttar Pradesh,Lalitpur,Lalitpur,Lalitpur APMC,Lalitpur,apmc_suffix,False,,,,73,2025-12-03,2026-03-28,
Uttar Pradesh,Lucknow,Lucknow,Banthara,Banthara,identity,False,,,,12,2018-11-05,2025-03-12,
Uttar Pradesh,Lucknow,Lucknow,Banthara APMC,Banthara,apmc_suffix,False,,,,1,2026-04-04,2026-04-04,
Uttar Pradesh,Lucknow,Lucknow,Lucknow,Lucknow,identity,False,,,,7801,2018-01-01,2025-11-02,
Uttar Pradesh,Lucknow,Lucknow,Lucknow APMC,Lucknow,apmc_suffix,False,,,,32,2025-12-05,2026-04-17,
Uttar Pradesh,Maharajganj,Maharajganj,Anandnagar,Anandnagar,identity,False,,,,6750,2018-01-01,2025-11-04,
Uttar Pradesh,Maharajganj,Maharajganj,Anandnagar APMC,Anandnagar,apmc_suffix,False,,,,83,2025-12-03,2026-04-20,
Uttar Pradesh,Maharajganj,Maharajganj,Gadaura,Gadaura,identity,False,,,,7253,2018-01-01,2025-11-04,
Uttar Pradesh,Maharajganj,Maharajganj,Gadaura APMC,Gadaura,apmc_suffix,False,,,,3,2026-04-03,2026-04-10,
Uttar Pradesh,Maharajganj,Maharajganj,Maharajganj,Maharajganj,identity,False,,,,1550,2018-01-01,2021-05-04,
Uttar Pradesh,Maharajganj,Maharajganj,Nautnava,Nautnava,identity,False,,,,6513,2018-01-01,2025-10-31,
Uttar Pradesh,Maharajganj,Maharajganj,Partaval,Partaval,identity,False,,,,6227,2018-01-01,2025-11-04,
Uttar Pradesh,Maharajganj,Maharajganj,Partaval APMC,Partaval,apmc_suffix,False,,,,22,2025-12-04,2026-01-13,
Uttar Pradesh,Mahoba,Mahoba,Charkhari,Charkhari,identity,False,,,,5,2024-03-06,2025-09-27,
Uttar Pradesh,Mahoba,Mahoba,Mahoba,Mahoba,identity,False,,,,6981,2018-01-01,2025-11-04,
Uttar Pradesh,Mahoba,Mahoba,Mahoba APMC,Mahoba,apmc_suffix,False,,,,51,2025-12-03,2026-01-30,
Uttar Pradesh,Mainpuri,Mainpuri,Bewar,Bewar,identity,False,,,,2682,2018-01-03,2025-11-03,
Uttar Pradesh,Mainpuri,Mainpuri,Bewar APMC,Bewar,apmc_suffix,False,,,,8,2026-04-02,2026-04-17,
Uttar Pradesh,Mainpuri,Mainpuri,Ghiraur,Ghiraur,identity,False,,,,6963,2018-01-01,2025-11-05,
Uttar Pradesh,Mainpuri,Mainpuri,Ghiraur APMC,Ghiraur,apmc_suffix,False,,,,44,2025-12-03,2026-04-16,
Uttar Pradesh,Mainpuri,Mainpuri,Mainpuri,Mainpuri,identity,False,,,,7099,2018-01-01,2025-11-04,
Uttar Pradesh,Mainpuri,Mainpuri,Mainpuri APMC,Mainpuri,apmc_suffix,False,,,,48,2025-12-03,2026-04-20,
Uttar Pradesh,Mathura,Mathura,Kosikalan,Kosikalan,identity,False,,,,6214,2018-01-01,2025-11-05,
Uttar Pradesh,Mathura,Mathura,Kosikalan APMC,Kosikalan,apmc_suffix,False,,,,83,2025-12-03,2026-04-20,
Uttar Pradesh,Mathura,Mathura,Mathura,Mathura,identity,False,,,,6945,2018-01-01,2025-11-01,
Uttar Pradesh,Mathura,Mathura,Mathura APMC,Mathura,apmc_suffix,False,,,,40,2025-12-03,2026-04-20,
Uttar Pradesh,Mau (Maunathbhanjan),Mau (Maunathbhanjan),Doharighat,Doharighat,identity,False,,,,2916,2020-10-31,2025-11-04,
Uttar Pradesh,Mau (Maunathbhanjan),Mau (Maunathbhanjan),Doharighat APMC,Doharighat,apmc_suffix,False,,,,78,2025-12-06,2026-04-20,
Uttar Pradesh,Mau (Maunathbhanjan),Mau (Maunathbhanjan),Kopaganj,Kopaganj,identity,False,,,,6116,2018-01-01,2025-11-04,
Uttar Pradesh,Mau (Maunathbhanjan),Mau (Maunathbhanjan),Kopaganj APMC,Kopaganj,apmc_suffix,False,,,,98,2025-12-03,2026-04-20,
Uttar Pradesh,Meerut,Meerut,Mawana,Mawana,identity,False,,,,3474,2018-01-01,2025-11-03,
Uttar Pradesh,Meerut,Meerut,Mawana APMC,Mawana,apmc_suffix,False,,,,4,2026-04-05,2026-04-19,
Uttar Pradesh,Meerut,Meerut,Meerut,Meerut,identity,False,,,,6628,2018-01-01,2025-11-04,
Uttar Pradesh,Meerut,Meerut,Meerut APMC,Meerut,apmc_suffix,False,,,,10,2025-12-06,2026-04-13,
Uttar Pradesh,Meerut,Meerut,Parikshitgarh,Parikshitgarh,identity,False,,,,1114,2018-01-01,2025-11-02,
Uttar Pradesh,Meerut,Meerut,Sardhana,Sardhana,identity,False,,,,4212,2018-01-01,2025-10-18,
Uttar Pradesh,Mirzapur,Mirzapur,Ahirora,Ahirora,identity,False,,,,4647,2018-01-01,2025-11-04,
Uttar Pradesh,Mirzapur,Mirzapur,Ahirora APMC,Ahirora,apmc_suffix,False,,,,77,2025-12-02,2026-04-12,
Uttar Pradesh,Mirzapur,Mirzapur,Mirzapur,Mirzapur,identity,False,,,,7065,2018-01-01,2025-11-05,
Uttar Pradesh,Mirzapur,Mirzapur,Mirzapur APMC,Mirzapur,apmc_suffix,False,,,,40,2025-12-03,2026-04-18,
Uttar Pradesh,Muzaffarnagar,Muzaffarnagar,Khatauli,Khatauli,identity,False,,,,3732,2018-01-01,2025-11-05,
Uttar Pradesh,Muzaffarnagar,Muzaffarnagar,Khatauli APMC,Khatauli,apmc_suffix,False,,,,3,2026-02-27,2026-04-06,
Uttar Pradesh,Muzaffarnagar,Muzaffarnagar,Muzzafarnagar,Muzzafarnagar,identity,False,,,,8244,2018-01-01,2025-10-24,
Uttar Pradesh,Muzaffarnagar,Muzaffarnagar,Muzzafarnagar APMC,Muzzafarnagar,apmc_suffix,False,,,,6,2026-02-27,2026-04-20,
Uttar Pradesh,Muzaffarnagar,Muzaffarnagar,Shahpur,Shahpur,identity,False,,,,2556,2018-01-02,2025-11-05,
Uttar Pradesh,Pillibhit,Pillibhit,Billsadda,Billsadda,identity,False,,,,2193,2018-01-01,2020-06-10,
Uttar Pradesh,Pillibhit,Pillibhit,Pilibhit,Pilibhit,identity,False,,,,8596,2018-01-01,2025-11-04,
Uttar Pradesh,Pillibhit,Pillibhit,Pilibhit APMC,Pilibhit,apmc_suffix,False,,,,40,2025-12-03,2026-04-17,
Uttar Pradesh,Pillibhit,Pillibhit,Puranpur,Puranpur,identity,False,,,,8315,2018-01-01,2025-11-05,
Uttar Pradesh,Pillibhit,Pillibhit,Puranpur APMC,Puranpur,apmc_suffix,False,,,,32,2025-12-03,2026-03-25,
Uttar Pradesh,Pillibhit,Pillibhit,Bishalpur APMC,Vishalpur,reviewed_merge,False,similar_name_no_overlap,Vishalpur,Pillibhit,19,2025-12-11,2026-01-13,merge
Uttar Pradesh,Pillibhit,Pillibhit,Vishalpur,Vishalpur,identity,False,,,,7608,2018-01-01,2025-11-05,
Uttar Pradesh,Pratapgarh,Pratapgarh,Pratapgarh,Pratapgarh,identity,False,,,,8114,2018-01-02,2025-11-03,
Uttar Pradesh,Pratapgarh,Pratapgarh,Pratapgarh APMC,Pratapgarh,apmc_suffix,False,,,,77,2025-12-03,2026-04-16,
Uttar Pradesh,Prayagraj,Prayagraj,Ajuha,Ajuha,identity,False,,,,7360,2018-01-01,2025-11-05,
Uttar Pradesh,Prayagraj,Prayagraj,Ajuha APMC,Ajuha,apmc_suffix,False,,,,22,2025-12-08,2026-04-11,
Uttar Pradesh,Prayagraj,Prayagraj,Allahabad,Allahabad,identity,False,,,,6069,2018-01-01,2025-11-04,
Uttar Pradesh,Prayagraj,Prayagraj,Allahabad APMC,Allahabad,apmc_suffix,False,,,,10,2025-12-05,2025-12-26,
Uttar Pradesh,Prayagraj,Prayagraj,Jasra,Jasra,identity,False,,,,5666,2018-01-01,2025-11-05,
Uttar Pradesh,Prayagraj,Prayagraj,Jasra APMC,Jasra,apmc_suffix,False,,,,29,2025-11-30,2026-04-06,
Uttar Pradesh,Prayagraj,Prayagraj,Lediyari,Lediyari,identity,False,,,,13,2025-04-25,2025-11-03,
Uttar Pradesh,Prayagraj,Prayagraj,Lediyari APMC,Lediyari,apmc_suffix,False,,,,4,2026-01-30,2026-03-16,
Uttar Pradesh,Prayagraj,Prayagraj,Prayagraj APMC,Prayagraj,apmc_suffix_only,False,,,,29,2026-01-09,2026-04-19,
Uttar Pradesh,Prayagraj,Prayagraj,Sirsa,Sirsa,identity,False,,,,4322,2018-03-24,2025-11-05,
Uttar Pradesh,Prayagraj,Prayagraj,Sirsa APMC,Sirsa,apmc_suffix,False,,,,28,2025-12-30,2026-04-17,
Uttar Pradesh,Raebarelli,Raebarelli,Bachranwa,Bachranwa,identity,False,,,,1211,2018-01-25,2025-11-04,
Uttar Pradesh,Raebarelli,Raebarelli,Bachranwa APMC,Bachranwa,apmc_suffix,False,,,,51,2025-12-04,2026-02-18,
Uttar Pradesh,Raebarelli,Raebarelli,Jayas,Jayas,identity,False,,,,6873,2018-01-01,2025-11-04,
Uttar Pradesh,Raebarelli,Raebarelli,Jayas APMC,Jayas,apmc_suffix,False,,,,65,2025-12-04,2026-04-18,
Uttar Pradesh,Raebarelli,Raebarelli,Lalganj,Lalganj,identity,False,,,,6032,2018-01-01,2025-11-04,
Uttar Pradesh,Raebarelli,Raebarelli,Lalganj APMC,Lalganj,apmc_suffix,False,,,,120,2025-12-03,2026-04-19,
Uttar Pradesh,Raebarelli,Raebarelli,Raibareilly,Raibareilly,identity,False,,,,7285,2018-01-02,2025-11-05,
Uttar Pradesh,Raebarelli,Raebarelli,Raibareilly APMC,Raibareilly,apmc_suffix,False,,,,45,2025-12-03,2026-04-19,
Uttar Pradesh,Raebarelli,Raebarelli,Salon,Salon,identity,False,,,,2811,2018-01-01,2025-11-04,
Uttar Pradesh,Raebarelli,Raebarelli,Salon APMC,Salon,apmc_suffix,False,,,,98,2025-12-03,2026-04-19,
Uttar Pradesh,Rampur,Rampur,Milak,Milak,identity,False,,,,5257,2018-01-01,2025-11-05,
Uttar Pradesh,Rampur,Rampur,Milak APMC,Milak,apmc_suffix,False,,,,8,2025-12-04,2025-12-24,
Uttar Pradesh,Rampur,Rampur,Rampur,Rampur,identity,False,,,,7014,2018-01-01,2025-11-04,
Uttar Pradesh,Rampur,Rampur,Rampur APMC,Rampur,apmc_suffix,False,,,,18,2025-12-03,2026-04-14,
Uttar Pradesh,Rampur,Rampur,Tanda (Rampur),Tanda (Rampur),identity,False,,,,1073,2018-01-01,2025-09-27,
Uttar Pradesh,Rampur,Rampur,Tanda (Rampur) APMC,Tanda (Rampur),apmc_suffix,False,,,,1,2026-02-27,2026-02-27,
Uttar Pradesh,Rampur,Rampur,Vilaspur,Vilaspur,identity,False,,,,1228,2018-08-10,2022-08-17,
Uttar Pradesh,Saharanpur,Saharanpur,Chutmalpur,Chutmalpur,identity,False,,,,4968,2018-01-01,2025-11-03,
Uttar Pradesh,Saharanpur,Saharanpur,Chutmalpur APMC,Chutmalpur,apmc_suffix,False,,,,67,2026-01-16,2026-04-20,
Uttar Pradesh,Saharanpur,Saharanpur,Deoband,Deoband,identity,False,,,,3193,2018-01-01,2025-10-24,
Uttar Pradesh,Saharanpur,Saharanpur,Gangoh,Gangoh,identity,False,,,,6634,2018-01-01,2025-11-04,
Uttar Pradesh,Saharanpur,Saharanpur,Gangoh APMC,Gangoh,apmc_suffix,False,,,,54,2025-12-04,2026-04-19,
Uttar Pradesh,Saharanpur,Saharanpur,Nanuta APMC,Nanuta,apmc_suffix_only,False,,,,2,2026-04-18,2026-04-18,
Uttar Pradesh,Saharanpur,Saharanpur,Rampurmaniharan,Rampurmaniharan,identity,False,,,,4167,2018-01-01,2025-10-31,
Uttar Pradesh,Saharanpur,Saharanpur,Rampurmaniharan APMC,Rampurmaniharan,apmc_suffix,False,,,,36,2026-02-21,2026-04-20,
Uttar Pradesh,Saharanpur,Saharanpur,Saharanpur,Saharanpur,identity,False,,,,8339,2018-01-01,2025-11-04,
Uttar Pradesh,Saharanpur,Saharanpur,Saharanpur APMC,Saharanpur,apmc_suffix,False,,,,31,2025-12-03,2026-04-19,
Uttar Pradesh,Saharanpur,Saharanpur,Sultanpurchilkana,Sultanpurchilkana,identity,False,,,,1077,2018-01-01,2020-05-23,
Uttar Pradesh,Sambhal,Sambhal,Bhehjoi,Bhehjoi,identity,False,,,,1621,2018-01-12,2025-11-02,
Uttar Pradesh,Sambhal,Sambhal,Bhehjoi APMC,Bhehjoi,apmc_suffix,False,,,,19,2025-12-08,2026-04-19,
Uttar Pradesh,Sambhal,Sambhal,Chandausi,Chandausi,identity,False,,,,6408,2018-01-02,2025-11-04,
Uttar Pradesh,Sambhal,Sambhal,Chandausi APMC,Chandausi,apmc_suffix,False,,,,51,2025-12-07,2026-04-18,
Uttar Pradesh,Sambhal,Sambhal,Muradabad,Muradabad,identity,False,,,,7845,2018-01-01,2025-11-04,
Uttar Pradesh,Sambhal,Sambhal,Muradabad APMC,Muradabad,apmc_suffix,False,,,,21,2025-12-07,2026-04-20,
Uttar Pradesh,Sambhal,Sambhal,Sambhal,Sambhal,identity,False,,,,7642,2018-01-01,2025-11-05,
Uttar Pradesh,Sambhal,Sambhal,Sambhal APMC,Sambhal,apmc_suffix,False,,,,151,2025-12-03,2026-04-20,
Uttar Pradesh,Sant Kabir Nagar,Sant Kabir Nagar,Khalilabad,Khalilabad,identity,False,,,,5356,2018-01-01,2025-11-03,
Uttar Pradesh,Sant Kabir Nagar,Sant Kabir Nagar,Khalilabad APMC,Khalilabad,apmc_suffix,False,,,,49,2025-12-06,2026-04-17,
Uttar Pradesh,Shahjahanpur,Shahjahanpur,Badda,Badda,identity,False,,,,1505,2018-01-03,2020-11-23,
Uttar Pradesh,Shahjahanpur,Shahjahanpur,Jalalabad,Jalalabad,identity,False,,,,2114,2018-01-01,2025-10-31,
Uttar Pradesh,Shahjahanpur,Shahjahanpur,Jalalabad APMC,Jalalabad,apmc_suffix,False,,,,20,2025-12-10,2026-04-19,
Uttar Pradesh,Shahjahanpur,Shahjahanpur,Meeranpur Katra APMC,Meeranpur Katra,apmc_suffix_only,False,,,,1,2026-04-06,2026-04-06,
Uttar Pradesh,Shahjahanpur,Shahjahanpur,Powayan APMC,Powayan,apmc_suffix_only,False,,,,31,2025-12-05,2026-04-20,
Uttar Pradesh,Shahjahanpur,Shahjahanpur,Puwaha,Puwaha,identity,False,,,,8346,2018-01-01,2025-11-05,
Uttar Pradesh,Shahjahanpur,Shahjahanpur,Shahjahanpur,Shahjahanpur,identity,False,,,,5251,2018-01-01,2025-11-04,
Uttar Pradesh,Shahjahanpur,Shahjahanpur,Shahjahanpur APMC,Shahjahanpur,apmc_suffix,False,,,,6,2025-12-27,2026-04-13,
Uttar Pradesh,Shahjahanpur,Shahjahanpur,Tilhar,Tilhar,identity,False,,,,6615,2018-01-01,2025-11-04,
Uttar Pradesh,Shahjahanpur,Shahjahanpur,Tilhar APMC,Tilhar,apmc_suffix,False,,,,9,2025-12-05,2026-01-14,
Uttar Pradesh,Shamli,Shamli,Kairana,Kairana,identity,False,,,,4924,2018-01-01,2025-11-04,
Uttar Pradesh,Shamli,Shamli,Kairana APMC,Kairana,apmc_suffix,False,,,,123,2025-12-07,2026-04-20,
Uttar Pradesh,Shamli,Shamli,Khandhla,Khandhla,identity,False,,,,5220,2018-01-01,2025-11-04,
Uttar Pradesh,Shamli,Shamli,Khandhla APMC,Khandhla,apmc_suffix,False,,,,52,2026-01-23,2026-04-20,
Uttar Pradesh,Shamli,Shamli,Shamli,Shamli,identity,False,,,,7449,2018-01-01,2025-11-04,
Uttar Pradesh,Shamli,Shamli,Shamli APMC,Shamli,apmc_suffix,False,,,,36,2025-12-04,2026-04-18,
Uttar Pradesh,Shamli,Shamli,Thanabhavan,Thanabhavan,identity,False,,,,6428,2018-01-01,2025-11-03,
Uttar Pradesh,Shamli,Shamli,Thanabhavan APMC,Thanabhavan,apmc_suffix,False,,,,48,2025-12-04,2026-04-19,
Uttar Pradesh,Shravasti,Shravasti,Bhinga,Bhinga,identity,False,,,,1304,2024-05-27,2025-11-04,
Uttar Pradesh,Shravasti,Shravasti,Bhinga APMC,Bhinga,apmc_suffix,False,,,,17,2025-12-25,2026-01-24,
Uttar Pradesh,Shravasti,Shravasti,Payagpur,Payagpur,identity,False,,,,1719,2018-09-28,2025-11-01,
Uttar Pradesh,Shravasti,Shravasti,Payagpur APMC,Payagpur,apmc_suffix,False,,,,83,2025-12-04,2026-04-08,
Uttar Pradesh,Siddharth Nagar,Siddharth Nagar,Naugarh,Naugarh,identity,False,,,,4149,2018-01-01,2025-11-04,
Uttar Pradesh,Siddharth Nagar,Siddharth Nagar,Naugarh APMC,Naugarh,apmc_suffix,False,,,,19,2025-12-10,2026-04-04,
Uttar Pradesh,Siddharth Nagar,Siddharth Nagar,Sahiyapur,Sahiyapur,identity,False,,,,5331,2018-01-01,2025-11-04,
Uttar Pradesh,Siddharth Nagar,Siddharth Nagar,Sahiyapur APMC,Sahiyapur,apmc_suffix,False,,,,1,2025-12-19,2025-12-19,
Uttar Pradesh,Siddharth Nagar,Siddharth Nagar,Bansi APMC,Wansi,reviewed_merge,False,similar_name_no_overlap,Wansi,Siddharth Nagar,15,2025-12-16,2026-04-17,merge
Uttar Pradesh,Siddharth Nagar,Siddharth Nagar,Wansi,Wansi,identity,False,,,,661,2018-01-01,2025-09-26,
Uttar Pradesh,Sitapur,Sitapur,Hargaon (Laharpur),Hargaon (Laharpur),identity,False,,,,4018,2018-01-01,2025-11-02,
Uttar Pradesh,Sitapur,Sitapur,Hargaon (Laharpur) APMC,Hargaon (Laharpur),apmc_suffix,False,,,,40,2025-12-06,2026-04-18,
Uttar Pradesh,Sitapur,Sitapur,Maholi APMC,Maholi,apmc_suffix_only,False,,,,2,2026-04-03,2026-04-04,
Uttar Pradesh,Sitapur,Sitapur,Mehmoodabad,Mehmoodabad,identity,False,,,,4781,2018-01-03,2025-11-04,
Uttar Pradesh,Sitapur,Sitapur,Mehmoodabad APMC,Mehmoodabad,apmc_suffix,False,,,,44,2025-12-03,2026-04-19,
Uttar Pradesh,Sitapur,Sitapur,Mishrit APMC,Mishrit,apmc_suffix_only,False,,,,6,2026-02-27,2026-04-14,
Uttar Pradesh,Sitapur,Sitapur,Sidhauli APMC,Sidhauli,apmc_suffix_only,False,,,,4,2026-04-02,2026-04-06,
Uttar Pradesh,Sitapur,Sitapur,Sitapur,Sitapur,identity,False,,,,6964,2018-01-01,2025-11-05,
Uttar Pradesh,Sitapur,Sitapur,Sitapur APMC,Sitapur,apmc_suffix,False,,,,17,2025-12-05,2026-04-14,
Uttar Pradesh,Sitapur,Sitapur,Viswan,Viswan,identity,False,,,,4754,2018-01-01,2025-11-04,
Uttar Pradesh,Sitapur,Sitapur,Viswan APMC,Viswan,apmc_suffix,False,,,,48,2025-12-03,2026-04-03,
Uttar Pradesh,Sonbhadra,Sonbhadra,Dudhi,Dudhi,identity,False,,,,5088,2018-01-01,2025-10-01,
Uttar Pradesh,Sonbhadra,Sonbhadra,Dudhi APMC,Dudhi,apmc_suffix,False,,,,88,2025-12-04,2026-04-19,
Uttar Pradesh,Sonbhadra,Sonbhadra,Robertsganj,Robertsganj,identity,False,,,,6609,2018-01-01,2025-11-02,
Uttar Pradesh,Sonbhadra,Sonbhadra,Robertsganj APMC,Robertsganj,apmc_suffix,False,,,,30,2025-11-30,2026-04-18,
Uttar Pradesh,Unnao,Unnao,Bangarmau,Bangarmau,identity,False,,,,6832,2018-01-01,2025-11-04,
Uttar Pradesh,Unnao,Unnao,Bangarmau APMC,Bangarmau,apmc_suffix,False,,,,16,2025-12-05,2026-04-11,
Uttar Pradesh,Unnao,Unnao,Purwa,Purwa,identity,False,,,,6133,2018-01-30,2025-07-31,
Uttar Pradesh,Unnao,Unnao,Unnao,Unnao,identity,False,,,,7260,2018-01-01,2025-11-04,
Uttar Pradesh,Unnao,Unnao,Unnao APMC,Unnao,apmc_suffix,False,,,,20,2025-12-10,2026-04-16,
Uttar Pradesh,Varanasi,Varanasi,Varanasi,Varanasi,identity,False,,,,600,2024-05-09,2025-02-28,
Uttar Pradesh,Varanasi,Varanasi,Varanasi APMC,Varanasi,apmc_suffix,False,,,,19,2026-02-21,2026-04-19,
Uttar Pradesh,Varanasi,Varanasi,Varanasi (F&V),Varanasi (F&V),identity,False,,,,5633,2018-01-01,2025-10-31,
Uttar Pradesh,Varanasi,Varanasi,Varanasi (F&V) APMC,Varanasi (F&V),apmc_suffix,False,,,,44,2025-12-05,2026-01-12,
